JOUR,O3obs,Pow2_O3obs,MOCAGE,TEMPE,RMH2O,NO2,NO,STATION,VentMOD,VentANG
1,91,8281,93.2,21.5,0.00847,1.6019999999999999,0.424,Aix,9.5,-0.6435
1,100,10000,104.6,20.2,0.00881,2.121,0.531,Aix,8.01,-0.049960000000000004
0,82,6724,103.6,17.4,0.00951,1.6569999999999998,0.467,Aix,9.3771,-0.12832000000000002
0,94,8836,94.8,18.8,0.00855,2.35,0.701,Aix,9.4578,-0.34515999999999997
0,107,11449,99.0,23.7,0.00731,1.653,0.452,Aix,7.8791,-0.41822
0,150,22500,114.3,23.6,0.01182,5.316,1.3430000000000002,Aix,6.3127,0.06341000000000001
0,164,26896,127.7,26.6,0.00937,2.841,0.55,Aix,4.8042,0.041639999999999996
1,135,18225,164.3,23.5,0.01087,15.732999999999999,2.911,Aix,4.8795,0.79989
1,121,14641,144.1,23.3,0.01168,8.807,1.867,Aix,5.1088,0.70226
0,129,16641,112.8,23.7,0.01091,18.910999999999998,4.7,Aix,5.4406,0.9420000000000001
0,118,13924,72.6,22.2,0.01626,4.258,1.304,Aix,5.9641,-0.60661
0,48,2304,146.0,14.3,0.014530000000000001,13.664000000000001,2.9760000000000004,Aix,5.8034,-0.03447
0,97,9409,87.5,18.5,0.009590000000000001,4.126,1.271,Aix,7.5273,0.33855999999999997
1,83,6889,158.9,15.4,0.01456,10.254000000000001,1.839,Aix,2.5942,0.48089
1,73,5329,112.6,19.6,0.0122,1.955,0.445,Aix,8.8752,-0.5848800000000001
0,91,8281,76.9,21.7,0.00685,1.382,0.429,Aix,12.3004,-0.63537
0,70,4900,81.8,24.4,0.0089,1.567,0.44299999999999995,Aix,9.5,-0.6435
0,125,15625,178.6,24.8,0.01206,8.216000000000001,1.139,Aix,6.5192,0.72027
0,168,28224,127.9,28.2,0.013869999999999999,4.632,0.861,Aix,7.1309,0.38832
0,113,12769,109.3,26.0,0.0122,12.29,2.958,Aix,5.9816,0.66691
1,118,13924,113.0,26.2,0.01064,4.615,0.995,Aix,6.2769,0.53496
1,130,16900,136.3,27.2,0.00912,4.276,0.8270000000000001,Aix,6.0033,0.52328
0,179,32041,141.1,27.8,0.0101,7.656000000000001,1.75,Aix,5.1313,0.57719
0,196,38416,131.4,29.1,0.00919,5.207999999999999,1.016,Aix,6.0902,0.51507
0,160,25600,141.1,29.5,0.010329999999999999,5.043,0.9,Aix,6.1221,0.66964
0,180,32400,163.6,29.5,0.007890000000000001,8.52,1.385,Aix,5.5227,0.55284
0,103,10609,141.6,29.1,0.00663,6.654,1.341,Aix,5.2839,0.51445
1,214,45796,159.9,33.2,0.01431,4.122,0.563,Aix,7.2615,0.39585
1,178,31684,138.1,30.5,0.015090000000000001,6.835,1.1740000000000002,Aix,6.0877,0.73892
0,160,25600,155.1,30.9,0.01526,2.489,0.349,Aix,7.2422,-0.61864
0,131,17161,140.5,30.2,0.00877,3.0260000000000002,0.48100000000000004,Aix,9.0,-0.6435
0,169,28561,149.9,30.2,0.011340000000000001,2.198,0.314,Aix,5.7801,-0.52558
0,139,19321,92.5,26.0,0.01426,23.822,7.51,Aix,5.36,0.9310299999999999
0,104,10816,97.9,25.4,0.00884,1.8159999999999998,0.414,Aix,12.3907,-0.83678
1,127,16129,96.1,26.2,0.0071200000000000005,1.78,0.429,Aix,6.2266,-0.5211399999999999
1,163,26569,123.7,25.4,0.010579999999999999,2.701,0.596,Aix,6.3008,0.01587
0,121,14641,146.2,23.3,0.013430000000000001,18.234,3.773,Aix,4.7854,1.11649
0,93,8649,126.1,26.6,0.01217,3.187,0.669,Aix,6.0133,-0.06657
0,108,11664,122.4,22.1,0.01872,8.698,2.0380000000000003,Aix,6.4444,0.73051
0,91,8281,99.7,24.7,0.007540000000000001,2.109,0.502,Aix,11.2058,-0.57563
0,129,16641,122.4,24.5,0.00921,5.359,1.146,Aix,6.9354,0.7446
1,89,7921,146.5,24.9,0.011340000000000001,2.336,0.36200000000000004,Aix,6.5765,-0.49085
1,145,21025,145.2,28.1,0.01342,4.691,0.8079999999999999,Aix,7.4653,0.68102
0,124,15376,127.3,28.0,0.01123,6.486000000000001,1.2919999999999998,Aix,7.1344,1.02557
0,132,17424,125.9,26.9,0.011729999999999999,9.414,2.22,Aix,6.2936,0.7741600000000001
0,96,9216,183.4,26.3,0.014830000000000001,4.334,0.58,Aix,5.4452,-0.12891
0,116,13456,117.0,28.9,0.01007,2.7430000000000003,0.541,Aix,6.36,-0.28694000000000003
0,132,17424,128.4,30.0,0.01023,2.81,0.508,Aix,6.562,-0.13759000000000002
1,93,8649,74.1,24.9,0.00984,1.045,0.337,Aix,9.426,-0.71783
0,117,13689,159.1,20.1,0.01962,3.127,0.43200000000000005,Aix,5.4626,-0.41451000000000005
0,96,9216,143.3,23.7,0.015340000000000001,2.125,0.36200000000000004,Aix,12.1017,-0.74449
0,111,12321,119.9,28.4,0.01138,1.8230000000000002,0.33399999999999996,Aix,10.6042,-0.6718
0,184,33856,168.5,29.0,0.009000000000000001,3.827,0.612,Aix,6.7119,-0.059629999999999996
1,170,28900,133.4,28.3,0.01188,4.647,0.807,Aix,6.7231,0.53022
1,148,21904,125.6,28.5,0.015369999999999998,11.48,2.414,Aix,4.6615,0.6177600000000001
0,109,11881,154.3,31.1,0.008329999999999999,3.415,0.47200000000000003,Aix,5.8669,-0.51703
0,222,49284,133.9,29.5,0.01456,3.339,0.5720000000000001,Aix,5.7079,-0.052579999999999995
0,80,6400,72.6,27.6,0.01205,1.051,0.29,Aix,12.4483,-0.80812
0,108,11664,105.7,25.8,0.01035,1.704,0.358,Aix,12.5607,-0.70085
0,156,24336,137.1,28.6,0.01256,2.6860000000000004,0.452,Aix,5.5731,0.1622
1,126,15876,136.8,27.1,0.0138,7.755,1.464,Aix,6.2968,0.81909
1,130,16900,150.6,26.6,0.01577,4.65,0.768,Aix,5.6851,0.6857300000000001
0,182,33124,229.2,22.1,0.02486,18.303,2.153,Aix,5.0931,0.81317
0,107,11449,147.6,24.7,0.017159999999999998,6.162999999999999,1.073,Aix,5.4818,0.25825
0,148,21904,155.2,30.0,0.01172,5.587000000000001,0.847,Aix,6.044,0.67991
1,171,29241,163.9,30.3,0.01441,7.945,1.181,Aix,6.162000000000001,0.7279899999999999
0,157,24649,148.5,32.2,0.014240000000000001,4.842,0.741,Aix,6.5947,0.71027
0,181,32761,146.6,32.7,0.01151,5.193,0.809,Aix,7.0831,0.5331600000000001
0,155,24025,157.5,32.2,0.0179,5.705,0.9840000000000001,Aix,5.7689,0.588
0,191,36481,149.6,31.8,0.0152,7.8629999999999995,1.276,Aix,6.3702,0.82981
1,202,40804,143.2,32.5,0.01549,4.628,0.79,Aix,7.1610000000000005,0.62674
1,176,30976,128.5,31.6,0.013319999999999999,4.274,0.768,Aix,7.1028,0.61534
0,183,33489,184.0,32.8,0.01814,4.56,0.544,Aix,7.4404,0.63275
0,255,65025,191.2,34.1,0.01693,10.559000000000001,1.254,Aix,7.0725,0.8054
0,185,34225,176.9,32.6,0.020040000000000002,10.607999999999999,1.396,Aix,7.2863,0.7562800000000001
0,193,37249,207.7,32.5,0.01941,8.263,0.981,Aix,6.7417,0.5633199999999999
1,197,38809,205.9,32.1,0.01722,7.736000000000001,0.856,Aix,6.5307,0.4431
0,136,18496,126.1,32.5,0.01247,1.9680000000000002,0.319,Aix,7.9076,-0.16515
1,141,19881,91.8,23.3,0.0071400000000000005,13.654000000000002,4.015,Aix,6.0803,0.93716
0,103,10609,130.0,25.1,0.0043100000000000005,6.631,1.206,Aix,6.1033,-1.5380200000000002
0,90,8100,95.8,21.1,0.00442,2.7560000000000002,0.745,Aix,8.6833,-0.5048600000000001
1,91,8281,121.5,18.0,0.00558,3.785,0.855,Aix,12.5495,-0.71208
0,93,8649,110.1,19.8,0.00373,4.416,1.101,Aix,7.3055,-0.33474
0,93,8649,163.1,19.0,0.0069,30.934,5.006,Aix,3.9319,0.12750999999999998
0,119,14161,119.4,20.9,0.00414,4.848,1.069,Aix,4.3463,-0.40187
0,124,15376,129.6,22.0,0.00569,2.5839999999999996,0.483,Aix,7.518,-0.49935
1,87,7569,102.5,18.9,0.009559999999999999,4.836,1.2890000000000001,Aix,5.3535,-0.5724600000000001
1,107,11449,116.9,20.0,0.006370000000000001,6.632000000000001,1.635,Aix,6.3789,0.23736999999999997
0,106,11236,81.4,14.5,0.00969,22.496,8.513,Aix,0.9434,-0.5586
0,77,5929,122.0,16.0,0.01097,4.776,0.94,Aix,3.9205,-0.65881
0,82,6724,101.0,15.6,0.00599,3.8339999999999996,1.0979999999999999,Aix,11.9808,-0.6551899999999999
0,93,8649,131.5,22.9,0.00404,5.167000000000001,1.057,Aix,5.9464,-0.34302
0,117,13689,118.1,21.6,0.0065,19.528,4.996,Aix,6.4382,0.75244
1,115,13225,93.4,22.0,0.00555,12.767999999999999,4.025,Aix,6.1294,1.07796
1,117,13689,134.9,23.2,0.0054,2.6060000000000003,0.498,Aix,4.8260000000000005,-0.97705
0,87,7569,102.0,20.5,0.00635,2.886,0.758,Aix,11.6825,-0.66405
0,111,12321,117.9,24.0,0.006690000000000001,4.662,1.072,Aix,6.0166,-0.26916999999999996
0,116,13456,169.5,24.8,0.0119,11.374,1.8459999999999999,Aix,4.7011,0.5112300000000001
0,144,20736,190.1,24.5,0.01167,7.577999999999999,1.031,Aix,5.0567,0.42826000000000003
0,155,24025,150.8,25.3,0.010209999999999999,9.947000000000001,1.778,Aix,5.5866,0.77274
1,183,33489,155.1,25.1,0.01015,5.715,0.965,Aix,5.7585,0.35470999999999997
1,134,17956,158.0,25.5,0.01045,6.063,1.08,Aix,5.0606,0.5167
0,82,6724,115.9,27.3,0.01517,2.5340000000000003,0.47700000000000004,Aix,9.6177,-0.77069
0,90,8100,106.7,24.3,0.011290000000000001,5.547000000000001,1.45,Aix,5.0912,-0.7854
0,151,22801,148.9,25.0,0.0095,4.297,0.722,Aix,5.101,0.01961
0,188,35344,167.8,24.0,0.01242,3.99,0.597,Aix,2.8071,0.07131
0,142,20164,170.0,24.9,0.011559999999999999,3.398,0.45799999999999996,Aix,4.4598,0.34302
1,85,7225,127.8,26.3,0.00439,2.8680000000000003,0.5920000000000001,Aix,7.4404,-0.63275
1,90,8100,94.9,25.5,0.004070000000000001,3.2119999999999997,0.907,Aix,10.3856,-0.67624
0,68,4624,101.6,25.4,0.0059700000000000005,3.125,0.795,Aix,11.7456,-0.74927
0,98,9604,123.6,19.5,0.00778,6.765,1.659,Aix,7.0292,0.8760600000000001
0,111,12321,106.3,21.9,0.00495,3.5460000000000003,0.922,Aix,5.8189,-0.33261999999999997
0,131,17161,145.0,20.2,0.00686,5.6,1.143,Aix,6.6129,0.35523000000000005
1,102,10404,132.8,20.0,0.00772,10.051,2.395,Aix,6.0877,0.83188
1,112,12544,122.4,21.8,0.00688,6.876,1.574,Aix,6.2097,1.31019
0,104,10816,137.2,25.0,0.00809,4.961,0.924,Aix,6.691,-1.40565
0,109,11881,156.4,25.7,0.00717,4.263999999999999,0.6920000000000001,Aix,6.0415,-0.50067
0,117,13689,124.2,28.5,0.00827,2.455,0.48200000000000004,Aix,6.7417,-0.36398
0,139,19321,178.4,29.3,0.00922,3.877,0.516,Aix,6.5307,0.2004
1,229,52441,173.2,28.6,0.009770000000000001,5.3660000000000005,0.763,Aix,5.6436,0.51915
0,169,28561,194.6,27.5,0.01235,4.596,0.569,Aix,4.3863,0.42285
0,122,14884,177.1,29.3,0.01167,4.776,0.682,Aix,5.8669,0.51703
0,163,26569,188.8,27.3,0.015040000000000001,4.38,0.478,Aix,1.5811,0.60554
0,123,15129,163.7,27.6,0.01125,8.892999999999999,1.4409999999999998,Aix,4.3417,0.5048600000000001
0,116,13456,153.5,28.2,0.01078,14.289000000000001,2.492,Aix,6.7201,0.93325
1,117,13689,152.0,28.4,0.00954,11.102,1.931,Aix,6.229,0.73997
1,118,13924,160.1,30.3,0.00878,7.62,1.1840000000000002,Aix,6.3253,0.68462
0,115,13225,165.8,31.1,0.0083,8.147,1.291,Aix,6.49,0.588
0,97,9409,141.2,30.8,0.00924,9.568999999999999,1.756,Aix,6.825,0.68161
0,82,6724,146.8,27.1,0.012440000000000001,7.886,1.545,Aix,6.1522,0.79689
0,116,13456,107.4,27.7,0.00828,2.5180000000000002,0.5489999999999999,Aix,8.3024,-0.02409
0,64,4096,104.7,26.0,0.01025,2.053,0.46299999999999997,Aix,8.8051,0.03408
0,81,6561,111.2,25.8,0.00626,3.135,0.782,Aix,8.8204,-0.5754199999999999
1,102,10404,128.3,24.0,0.00658,2.539,0.51,Aix,9.0802,-0.44395
1,89,7921,144.3,25.6,0.00742,2.16,0.348,Aix,5.9816,-0.66691
0,124,15376,141.6,30.0,0.00863,2.542,0.41100000000000003,Aix,5.7009,-0.37725
0,139,19321,186.2,28.1,0.008440000000000001,5.222,0.684,Aix,6.3695,0.38634
0,176,30976,170.3,27.1,0.01128,3.391,0.41100000000000003,Aix,3.6056,0.33929000000000004
1,148,21904,176.6,27.2,0.00896,8.967,1.4909999999999999,Aix,6.3702,0.74098
0,156,24336,166.6,27.4,0.00897,13.770999999999999,2.208,Aix,6.4351,0.7963899999999999
1,123,15129,142.4,30.2,0.01025,17.158,3.1069999999999998,Aix,7.1344,1.02557
1,149,22201,244.1,33.3,0.00782,9.755,0.97,Aix,5.7009,0.66104
0,120,14400,227.0,23.9,0.012320000000000001,17.012999999999998,2.068,Aix,3.467,0.99079
0,77,5929,121.2,25.9,0.009290000000000001,4.712,0.953,Aix,8.1025,-0.41948
0,107,11449,98.2,29.8,0.0043,3.937,0.97,Aix,11.5256,-0.67474
0,83,6889,98.5,30.5,0.00619,3.0,0.728,Aix,12.1622,-0.7854
0,120,14400,109.1,29.6,0.00375,3.605,0.823,Aix,10.9786,-0.7274
1,96,9216,159.1,27.6,0.0060799999999999995,3.907,0.628,Aix,7.0029,0.028560000000000002
1,98,9604,143.7,27.8,0.00909,13.958,2.5980000000000003,Aix,6.1847,0.8884799999999999
0,102,10404,144.5,27.9,0.01151,15.724,2.9530000000000003,Aix,6.3411,0.9083700000000001
0,144,20736,253.4,29.1,0.00913,17.967,1.89,Aix,5.6727,0.71054
0,103,10609,151.7,30.3,0.00995,9.202,1.4869999999999999,Aix,6.8154,1.17939
0,113,12769,150.3,31.4,0.01004,7.685,1.216,Aix,7.0214,1.26706
0,115,13225,207.2,30.5,0.012240000000000001,7.961,0.853,Aix,5.8241,1.2925
1,117,13689,122.0,29.0,0.00701,2.9610000000000003,0.579,Aix,7.6538,-0.50456
1,93,8649,102.7,26.5,0.0044,3.1719999999999997,0.743,Aix,8.3648,-0.48503
0,93,8649,132.0,29.8,0.00476,3.34,0.581,Aix,6.2514,0.12832000000000002
0,100,10000,149.8,23.9,0.01123,2.6430000000000002,0.358,Aix,5.0329,-0.36575
0,97,9409,122.8,26.2,0.00743,3.1180000000000003,0.617,Aix,14.2948,-0.8249799999999999
0,101,10201,98.4,26.2,0.00428,3.778,0.982,Aix,14.1767,-0.8552799999999999
0,98,9604,93.9,29.8,0.00464,3.572,0.898,Aix,10.8904,-0.77241
1,83,6889,98.9,30.0,0.00518,1.8519999999999999,0.45299999999999996,Aix,10.4019,-0.90807
1,74,5476,79.6,26.8,0.00629,2.079,0.605,Aix,12.14,-0.92565
0,118,13924,103.7,27.0,0.00364,3.122,0.6659999999999999,Aix,5.5902,-0.17985
0,109,11881,126.7,25.1,0.00672,12.365,2.655,Aix,6.8819,0.95055
0,99,9801,241.6,23.1,0.0138,9.918,1.008,Aix,3.9825,0.49733999999999995
0,85,7225,102.3,28.6,0.004529999999999999,3.159,0.737,Aix,9.9765,-0.74995
1,92,8464,78.5,28.6,0.00483,2.515,0.7440000000000001,Aix,9.4403,-0.63503
1,92,8464,100.2,28.4,0.006379999999999999,2.603,0.5720000000000001,Aix,7.5007,-0.013330000000000002
0,109,11881,135.6,26.4,0.00556,12.93,2.396,Aix,6.4444,0.84029
0,117,13689,128.4,27.2,0.00985,5.479,0.968,Aix,6.6287,0.1974
1,91,8281,118.1,24.1,0.0058,2.6060000000000003,0.517,Aix,7.1449,0.1122
1,69,4761,131.4,19.6,0.00902,4.453,0.7659999999999999,Aix,6.5,-0.5325
0,83,6889,126.5,23.0,0.00866,3.8369999999999997,0.7240000000000001,Aix,14.0014,-0.7955
0,71,5041,103.9,25.9,0.00462,2.839,0.652,Aix,10.6832,-0.7523
0,105,11025,147.6,26.4,0.00827,5.04,0.7659999999999999,Aix,5.41202,0.28084000000000003
0,108,11664,120.4,24.5,0.0069299999999999995,7.581,1.4080000000000001,Aix,6.73573,0.71185
0,86,7396,113.9,26.1,0.007790000000000001,5.063,0.852,Aix,5.93633,-0.56931
1,26,676,187.3,21.7,0.010440000000000001,20.248,2.278,Aix,4.12311,0.39852
1,79,6241,149.8,24.0,0.01226,5.145,0.7020000000000001,Aix,2.6907200000000002,-0.73282
0,109,11881,176.3,25.6,0.010879999999999999,6.182,0.7609999999999999,Aix,6.3198099999999995,0.0792
0,138,19044,192.4,27.2,0.009290000000000001,5.561,0.613,Aix,5.916919999999999,0.53172
0,126,15876,153.9,27.4,0.0065,10.126,1.4880000000000002,Aix,5.63649,0.43983999999999995
0,100,10000,132.1,25.6,0.01043,15.658,2.78,Aix,6.30079,0.9431700000000001
0,133,17689,183.6,28.8,0.008740000000000001,15.225,1.787,Aix,5.45894,0.49642
1,112,12544,157.0,28.4,0.00932,7.957999999999999,1.115,Aix,5.76975,0.44814
1,110,12100,130.5,27.6,0.008159999999999999,11.647,1.986,Aix,5.59732,0.8486
0,104,10816,90.2,21.2,0.01293,4.083,1.052,Aix,9.80306,-0.32175
0,71,5041,85.1,19.5,0.013330000000000002,4.5280000000000005,0.838,Aix,7.0214,-0.30373
0,86,7396,92.6,19.9,0.013009999999999999,18.337,2.935,Aix,2.9681599999999997,0.56931
1,84,7056,66.9,21.0,0.013590000000000001,9.213,1.686,Aix,2.3021700000000003,-1.52735
0,75,5625,91.5,21.5,0.00773,4.522,1.11,Aix,5.727130000000001,-0.43241
0,96,9216,118.6,21.2,0.010440000000000001,11.1,2.043,Aix,4.68615,0.8760600000000001
0,87,7569,116.8,24.6,0.00992,5.553,0.9990000000000001,Aix,5.7384699999999995,-0.39345
0,105,11025,148.4,25.9,0.009559999999999999,9.34,1.24,Aix,4.00125,-0.024990000000000002
0,60,3600,75.8,17.9,0.00799,9.915,2.766,Aix,2.7730799999999998,-0.44752
0,112,12544,139.6,20.4,0.007409999999999999,8.124,1.2209999999999999,Aix,4.20476,-0.047580000000000004
0,117,13689,154.7,20.4,0.00663,31.114,3.7760000000000002,Aix,3.80789,0.23861
1,105,11025,152.6,20.4,0.00975,18.402,2.339,Aix,2.65707,0.34556
1,46,2116,67.2,15.0,0.00978,0.708,0.264,Als,4.44072,0.62549
1,92,8464,82.7,18.0,0.01055,0.8109999999999999,0.23,Als,3.9623199999999996,0.1776
0,68,4624,100.1,15.8,0.00932,2.41,0.638,Als,0.41231,0.24498000000000003
0,85,7225,80.5,17.1,0.01091,0.713,0.22899999999999998,Als,3.61248,0.72664
0,96,9216,74.8,18.0,0.00896,0.499,0.158,Als,5.217280000000001,0.21243
0,114,12996,56.1,19.7,0.00894,1.065,0.444,Als,1.9723099999999998,0.53172
0,127,16129,72.2,21.5,0.00995,1.045,0.348,Als,3.2249,1.05165
1,140,19600,123.2,22.3,0.00865,13.882,2.94,Als,5.66392,0.83536
1,131,17161,98.0,23.6,0.01013,4.596,1.1540000000000001,Als,6.8818600000000005,0.95055
0,84,7056,126.5,23.9,0.01314,2.9819999999999998,0.5379999999999999,Als,1.52315,0.40489
0,126,15876,211.7,26.0,0.01719,5.682,0.622,Als,3.70135,0.67052
0,102,10404,98.5,22.4,0.01615,1.31,0.282,Als,3.16228,0.32175
0,75,5625,118.5,19.8,0.01496,3.347,0.757,Als,4.3566,1.01463
0,79,6241,88.2,18.1,0.01299,1.0759999999999998,0.289,Als,5.99333,0.44872
1,99,9801,81.8,20.5,0.0117,1.101,0.319,Als,1.3038399999999999,0.5667300000000001
1,92,8464,119.8,20.7,0.01192,1.4069999999999998,0.273,Als,2.88444,0.9827899999999999
0,70,4900,69.4,17.6,0.00882,0.5670000000000001,0.18600000000000003,Als,6.92315,0.1889
0,70,4900,66.7,19.4,0.01192,0.657,0.207,Als,2.97321,0.34302
0,73,5329,58.4,22.3,0.01489,1.064,0.354,Als,2.8178,0.47952
0,64,4096,75.4,23.9,0.01404,0.922,0.251,Als,6.60303,-0.030289999999999997
0,120,14400,103.9,27.1,0.01399,5.676,1.244,Als,0.6,0.0
1,62,3844,82.2,26.4,0.02058,1.103,0.272,Als,3.02655,0.13255
1,101,10201,74.1,26.2,0.01725,1.676,0.49,Als,2.06155,0.8884799999999999
0,166,27556,143.5,32.0,0.01734,8.674,1.37,Als,1.6970599999999998,0.7854
0,239,57121,133.5,34.7,0.01906,6.254,0.9590000000000001,Als,0.5,0.9273
0,184,33856,183.8,29.2,0.02153,4.026,0.491,Als,4.3829199999999995,0.47385
0,87,7569,100.1,25.2,0.02475,1.78,0.318,Als,5.09215,0.34038
0,103,10609,127.7,25.1,0.021830000000000002,2.528,0.442,Als,1.14018,-1.30454
1,134,17956,80.9,27.2,0.01876,1.54,0.42,Als,1.48661,0.73782
1,98,9604,105.0,27.8,0.018080000000000002,3.178,0.6629999999999999,Als,0.36056,-0.588
0,124,15376,113.8,23.3,0.01488,3.8489999999999998,0.8190000000000001,Als,2.7313,0.41451000000000005
0,146,21316,119.2,23.1,0.01047,3.8310000000000004,0.7709999999999999,Als,3.5227800000000005,0.60375
0,154,23716,100.2,26.6,0.011729999999999999,1.357,0.273,Als,2.12132,0.7854
0,118,13924,73.5,25.4,0.00992,0.5920000000000001,0.16399999999999998,Als,5.96657,0.23685
0,98,9604,60.8,19.5,0.00972,0.7240000000000001,0.281,Als,5.29528,-0.18999000000000002
1,95,9025,48.8,18.6,0.00919,0.39,0.17800000000000002,Als,4.62277,0.8926799999999999
1,110,12100,80.8,21.4,0.01089,0.7020000000000001,0.19399999999999998,Als,4.52217,0.31476
0,117,13689,86.5,25.8,0.01029,0.828,0.20199999999999999,Als,4.08044,0.6288
0,63,3969,63.3,18.8,0.01252,0.7709999999999999,0.271,Als,6.22896,0.09647
0,69,4761,51.0,20.1,0.0157,0.885,0.355,Als,8.62148,0.90874
0,76,5776,77.8,18.2,0.01366,0.87,0.253,Als,5.099019999999999,0.44611000000000006
0,109,11881,108.8,23.0,0.01226,2.6639999999999997,0.5670000000000001,Als,0.31623,-0.32175
1,79,6241,66.3,20.1,0.01488,0.649,0.183,Als,3.4539800000000005,0.38588
1,81,6561,77.4,22.4,0.013680000000000001,1.225,0.345,Als,1.45602,0.2783
0,127,16129,126.3,29.1,0.01264,3.341,0.584,Als,0.7,-1.57079
0,79,6241,159.2,30.1,0.01376,1.66,0.226,Als,2.76586,0.8621700000000001
0,59,3481,83.9,19.0,0.013880000000000002,0.754,0.188,Als,5.37122,0.42201000000000005
0,97,9409,68.1,21.6,0.01166,0.6759999999999999,0.207,Als,2.6,-0.39479000000000003
0,132,17424,193.6,25.0,0.013669999999999998,5.321000000000001,0.623,Als,3.2015599999999997,0.25255
1,84,7056,104.3,23.0,0.013090000000000001,0.9890000000000001,0.182,Als,0.9434,0.5586
0,27,729,122.7,22.1,0.020819999999999998,2.742,0.444,Als,2.1400900000000003,0.91795
0,31,961,84.2,18.0,0.01849,1.264,0.312,Als,3.33766,-0.15037
0,69,4761,59.1,19.4,0.01456,4.062,1.768,Als,3.0413799999999998,0.47835
0,107,11449,79.5,21.6,0.01206,3.7039999999999997,1.285,Als,3.36155,0.53022
1,135,18225,116.7,27.6,0.01025,1.0390000000000001,0.179,Als,2.4083200000000002,0.84415
1,99,9801,96.8,24.8,0.00896,0.7929999999999999,0.177,Als,7.21249,0.29544000000000004
0,116,13456,77.6,21.5,0.011559999999999999,0.684,0.18600000000000003,Als,3.70135,0.9002700000000001
0,120,14400,80.7,24.7,0.01293,0.79,0.212,Als,4.52769,0.75416
0,71,5041,119.0,23.8,0.01287,1.036,0.17300000000000001,Als,6.0827599999999995,0.16515
0,91,8281,139.3,21.8,0.011340000000000001,1.535,0.226,Als,3.7855,0.21294000000000002
0,86,7396,121.8,22.4,0.014190000000000001,1.595,0.263,Als,2.37697,0.38832
1,126,15876,125.1,25.7,0.01703,2.097,0.349,Als,6.12209,0.9011600000000001
1,114,12996,142.0,27.2,0.015719999999999998,2.6289999999999996,0.386,Als,5.72014,0.93429
0,139,19321,159.2,29.1,0.017230000000000002,3.9,0.493,Als,4.67547,0.72487
0,142,20164,185.7,29.7,0.0188,3.9619999999999997,0.436,Als,4.245,0.75208
0,92,8464,115.6,24.2,0.018430000000000002,1.2790000000000001,0.218,Als,2.6907200000000002,0.73282
0,163,26569,97.7,29.5,0.01351,0.955,0.18100000000000002,Als,3.78021,0.91671
1,173,29929,124.6,32.9,0.014459999999999999,1.141,0.168,Als,3.05287,0.55165
1,169,28561,153.2,35.0,0.015390000000000001,1.7619999999999998,0.209,Als,2.95466,0.41822
0,210,44100,135.2,35.6,0.013999999999999999,1.14,0.153,Als,4.2638,0.88507
0,226,51076,125.7,36.2,0.01295,0.736,0.105,Als,5.73149,0.74838
0,206,42436,132.6,34.4,0.0097,1.662,0.23800000000000002,Als,4.96488,0.97162
0,214,45796,117.5,35.7,0.00912,1.7369999999999999,0.281,Als,4.03113,0.80294
0,161,25921,140.6,36.3,0.0138,0.789,0.102,Als,4.245,0.81872
1,185,34225,137.4,36.4,0.016069999999999997,1.841,0.301,Als,3.36155,1.0405799999999998
1,147,21609,154.0,34.8,0.0133,2.693,0.331,Als,3.64005,0.2783
0,208,43264,125.9,33.2,0.0071,1.452,0.22399999999999998,Als,3.74833,0.76653
0,219,47961,173.9,36.8,0.0099,2.9939999999999998,0.327,Als,2.1931700000000003,-1.14794
0,204,41616,132.4,37.4,0.01181,0.6970000000000001,0.1,Als,4.92544,-0.10169
0,157,24649,138.6,29.5,0.01754,1.6159999999999999,0.207,Als,4.17732,0.1927
1,139,19321,76.6,25.0,0.01029,1.301,0.355,Als,5.1,0.48996000000000006
1,156,24336,128.6,27.0,0.01169,2.17,0.325,Als,5.3907300000000005,0.86418
1,168,28224,155.8,31.7,0.01598,2.958,0.32899999999999996,Als,4.005,0.049960000000000004
0,98,9604,83.5,24.4,0.0162,0.95,0.19699999999999998,Als,8.13941,0.18535
0,114,12996,90.5,27.2,0.01411,0.557,0.10099999999999999,Als,3.4481900000000003,-0.51555
1,126,15876,61.5,26.4,0.0071400000000000005,2.918,0.89,Als,3.5355300000000005,0.7854
0,113,12769,112.4,27.7,0.00728,1.68,0.257,Als,6.4195,0.31682
0,66,4356,79.0,15.1,0.007509999999999999,1.399,0.311,Als,6.13922,0.21336999999999998
1,60,3600,102.4,14.6,0.00827,2.0780000000000003,0.43200000000000005,Als,0.53852,-1.19029
1,79,6241,78.0,12.6,0.007690000000000001,1.193,0.31,Als,9.97246,0.27416999999999997
1,80,6400,78.5,10.9,0.0056700000000000006,1.495,0.466,Als,6.08358,0.44159
0,99,9801,74.9,12.4,0.00517,0.997,0.317,Als,3.60555,0.0555
0,82,6724,78.2,13.4,0.0037600000000000003,1.167,0.366,Als,1.4317799999999998,1.3597
0,92,8464,82.6,13.9,0.0033,1.51,0.46299999999999997,Als,4.62277,0.8926799999999999
0,99,9801,78.5,17.5,0.00425,1.535,0.444,Als,8.450439999999999,0.8775700000000001
1,69,4761,82.4,14.8,0.0098,1.75,0.429,Als,9.41116,0.8229700000000001
1,95,9025,75.7,16.7,0.0049,1.579,0.486,Als,2.92746,-0.13707
0,71,5041,99.8,17.6,0.00601,2.443,0.526,Als,4.50444,1.5263799999999998
0,74,5476,78.2,14.2,0.00735,2.505,0.728,Als,5.25547,1.20089
0,83,6889,76.3,15.0,0.00448,1.5330000000000001,0.49700000000000005,Als,3.58469,1.04473
0,92,8464,94.8,17.2,0.0055899999999999995,2.209,0.542,Als,1.33417,-1.344
0,99,9801,64.0,22.7,0.00783,2.681,0.836,Als,2.55539,0.53371
1,91,8281,77.0,19.2,0.01011,2.0580000000000003,0.526,Als,2.86007,0.63651
1,79,6241,56.4,16.1,0.00945,2.418,0.945,Als,1.2083,-0.42663
0,58,3364,55.6,14.5,0.013269999999999999,1.994,0.8029999999999999,Als,5.8051699999999995,0.73666
0,101,10201,73.4,19.4,0.0096,1.422,0.42,Als,2.26274,0.7854
0,100,10000,106.0,24.5,0.01034,1.9180000000000001,0.379,Als,2.90689,1.50194
0,149,22201,128.2,28.3,0.01325,2.9589999999999996,0.46399999999999997,Als,1.9105,-1.4659200000000001
0,140,19600,155.6,30.7,0.015319999999999999,2.2,0.278,Als,2.5632,1.21203
1,141,19881,115.1,31.1,0.01759,2.204,0.38,Als,2.77849,1.04272
1,178,31684,126.0,29.6,0.018019999999999998,1.5819999999999999,0.218,Als,3.7108,1.32582
0,54,2916,103.2,19.6,0.01722,1.65,0.322,Als,6.64078,0.32175
0,103,10609,94.3,17.6,0.0098,1.5819999999999999,0.38799999999999996,Als,1.62788,0.18535
0,129,16641,100.4,23.2,0.00671,1.416,0.298,Als,3.80789,1.1659
0,132,17424,107.5,28.2,0.00777,2.109,0.387,Als,4.46542,0.9765799999999999
1,81,6561,100.3,19.7,0.00746,1.0490000000000002,0.231,Als,7.6157699999999995,0.5224
1,76,5776,101.2,20.2,0.00602,0.907,0.19699999999999998,Als,6.676080000000001,0.28859
0,46,2116,97.7,18.1,0.00831,1.839,0.413,Als,6.30317,0.84152
0,80,6400,81.8,17.5,0.0037700000000000003,0.887,0.263,Als,5.18941,1.13301
0,91,8281,101.3,17.9,0.00555,1.228,0.27899999999999997,Als,5.51543,1.18019
0,109,11881,103.8,19.0,0.0070599999999999994,1.446,0.294,Als,1.40357,-0.07131
1,51,2601,63.4,16.5,0.00747,2.396,0.863,Als,1.02956,0.5071
1,101,10201,78.4,18.9,0.00627,1.776,0.536,Als,1.21655,-1.40565
0,121,14641,85.9,21.9,0.00683,0.915,0.226,Als,2.10238,0.44237
0,132,17424,114.8,24.6,0.007540000000000001,1.959,0.35100000000000003,Als,1.58114,0.96525
0,92,8464,103.6,25.0,0.00865,1.126,0.225,Als,2.6076799999999998,-0.07677
0,94,8836,90.9,26.4,0.01211,0.9940000000000001,0.20600000000000002,Als,3.5014300000000005,-0.028560000000000002
1,124,15376,94.3,26.2,0.0071400000000000005,1.8259999999999998,0.4,Als,6.711930000000001,1.0738299999999998
1,124,15376,91.8,27.8,0.007259999999999999,1.263,0.27899999999999997,Als,7.64003,0.92468
0,162,26244,146.4,30.9,0.007790000000000001,2.048,0.29100000000000004,Als,6.12944,1.07796
0,174,30276,132.8,31.4,0.00948,2.2430000000000003,0.34600000000000003,Als,3.5510599999999997,0.56457
0,164,26896,134.0,29.3,0.007790000000000001,1.466,0.226,Als,4.2438199999999995,0.60107
0,196,38416,138.6,30.7,0.008459999999999999,1.584,0.233,Als,4.8703199999999995,1.23606
0,179,32041,141.8,32.6,0.01084,1.308,0.175,Als,3.19061,1.0088700000000002
1,84,7056,107.1,23.9,0.01372,1.5190000000000001,0.276,Als,4.81041,0.7559899999999999
1,156,24336,143.8,27.3,0.010920000000000001,2.171,0.322,Als,2.40416,0.7854
0,152,23104,148.8,29.8,0.0106,1.636,0.22,Als,1.3,-1.17601
0,215,46225,156.3,30.8,0.01082,2.5780000000000003,0.33799999999999997,Als,4.51885,1.13684
0,78,6084,113.8,27.6,0.01196,1.337,0.23199999999999998,Als,4.301159999999999,0.30705
0,94,8836,84.7,23.1,0.011000000000000001,0.945,0.21899999999999997,Als,5.028919999999999,0.30288000000000004
0,73,5329,78.3,21.1,0.00831,0.932,0.248,Als,6.23939,0.37753000000000003
1,59,3481,52.5,20.7,0.01222,1.577,0.535,Als,3.11127,0.7854
1,99,9801,157.4,25.9,0.01228,3.235,0.446,Als,1.14018,0.90975
0,53,2809,101.0,17.4,0.01132,1.505,0.28800000000000003,Als,8.15414,0.5846
0,44,1936,71.5,19.8,0.01089,1.07,0.292,Als,5.34509,0.304
0,48,2304,89.1,16.7,0.00853,1.514,0.359,Als,5.004,-0.03998
0,63,3969,88.4,17.0,0.00891,1.385,0.33299999999999996,Als,1.64012,0.6557
1,117,13689,121.4,21.1,0.00995,1.758,0.294,Als,5.0,0.9273
1,109,11881,93.5,24.3,0.014119999999999999,1.454,0.316,Als,5.81808,1.1455899999999999
0,73,5329,111.0,26.2,0.00896,1.419,0.251,Als,6.17414,1.1361299999999999
0,131,17161,105.2,26.3,0.01053,1.324,0.247,Als,6.0,0.9273
0,142,20164,105.7,28.6,0.008140000000000001,1.4140000000000001,0.258,Als,5.73062,1.06031
1,181,32761,126.0,29.9,0.00765,2.989,0.469,Als,2.59615,1.29779
0,150,22500,104.6,30.0,0.01184,2.287,0.419,Als,4.03113,0.80294
1,128,16384,107.8,25.6,0.0143,1.3559999999999999,0.23800000000000002,Als,5.71402,0.99736
1,119,14161,148.6,29.0,0.0069900000000000006,1.7990000000000002,0.24100000000000002,Als,4.11825,0.5071
0,98,9604,133.9,28.5,0.01,1.391,0.193,Als,7.595389999999999,0.15866
0,82,6724,98.0,21.4,0.00962,1.446,0.305,Als,6.77791,0.37777
0,60,3600,86.0,23.2,0.00892,1.396,0.301,Als,8.595930000000001,0.51049
0,93,8649,92.7,21.2,0.010490000000000001,1.255,0.26,Als,6.621180000000001,0.43663
0,36,1296,85.1,21.6,0.009909999999999999,0.902,0.175,Als,5.34509,0.304
1,94,8836,95.5,22.3,0.0069099999999999995,0.745,0.16399999999999998,Als,3.0016700000000003,0.52328
1,70,4900,81.5,22.9,0.01066,1.746,0.34600000000000003,Als,6.45368,0.8621700000000001
0,45,2025,59.9,21.0,0.01082,2.112,0.682,Als,7.357310000000001,1.02805
0,82,6724,71.7,23.5,0.01149,1.26,0.28300000000000003,Als,2.59422,0.48089
0,142,20164,157.7,29.6,0.01427,4.596,0.521,Als,0.14142000000000002,0.7854
0,131,17161,82.2,30.0,0.01318,2.72,0.58,Als,1.07703,0.38051
0,125,15625,103.9,28.4,0.01115,1.361,0.23600000000000002,Als,4.70106,0.021269999999999997
1,65,4225,89.1,23.3,0.01048,0.8170000000000001,0.172,Als,5.514530000000001,0.0726
1,87,7569,80.4,22.7,0.00783,0.812,0.19399999999999998,Als,4.66476,0.54042
0,96,9216,101.4,23.8,0.00805,1.851,0.387,Als,1.5033299999999998,1.50423
0,35,1225,87.8,20.3,0.009309999999999999,1.528,0.35600000000000004,Als,4.60977,1.14596
0,103,10609,95.1,23.3,0.00701,0.873,0.184,Als,5.10392,-0.0392
0,79,6241,89.6,22.1,0.00733,0.831,0.179,Als,2.81603,-0.10674000000000002
0,88,7744,76.6,22.8,0.00924,1.555,0.368,Als,5.0,0.9273
1,70,4900,75.4,18.4,0.00702,1.193,0.331,Als,4.07185,0.43068999999999996
1,72,5184,59.5,15.2,0.008579999999999999,1.246,0.45399999999999996,Als,2.4351599999999998,-0.33474
0,64,4096,50.6,19.0,0.00619,0.62,0.228,Als,5.54437,0.68319
0,90,8100,74.5,21.0,0.00742,0.968,0.258,Als,3.0016700000000003,0.52328
0,66,4356,78.8,21.4,0.00824,1.361,0.326,Als,3.08058,1.34156
0,57,3249,85.0,23.5,0.01027,1.306,0.256,Als,4.12311,0.6823199999999999
1,92,8464,76.9,21.9,0.00804,1.064,0.254,Als,3.72022,0.63275
1,67,4489,53.5,19.2,0.00897,0.782,0.21600000000000003,Als,6.72681,0.08931
0,101,10201,114.5,25.2,0.00974,2.4090000000000003,0.389,Als,6.26259,0.67225
0,98,9604,60.2,23.0,0.013590000000000001,1.736,0.465,Als,5.80086,0.017240000000000002
1,74,5476,97.0,22.3,0.00919,1.35,0.252,Als,1.1180299999999999,-0.46365
1,61,3721,96.8,18.5,0.01269,2.7289999999999996,0.583,Als,3.1257,1.4424700000000001
0,91,8281,107.7,22.2,0.01255,1.659,0.195,Als,2.3,0.0
0,91,8281,93.0,22.7,0.01069,1.2890000000000001,0.205,Als,3.22025,0.63108
0,78,6084,87.7,21.7,0.010579999999999999,1.715,0.32299999999999995,Als,2.6076799999999998,0.07677
0,62,3844,64.2,17.9,0.01195,2.114,0.5529999999999999,Als,6.02163,0.62025
0,68,4624,93.5,19.6,0.0052899999999999996,1.383,0.285,Als,4.65296,0.49249
1,79,6241,81.8,21.3,0.006409999999999999,1.254,0.272,Als,2.2561,1.34732
1,103,10609,96.7,23.4,0.00677,2.399,0.47700000000000004,Als,4.0,0.9273
0,120,14400,144.0,26.4,0.00943,2.8539999999999996,0.35200000000000004,Als,5.06952,1.1866299999999999
0,126,15876,151.1,28.7,0.009470000000000001,2.519,0.28600000000000003,Als,6.15549,0.8198700000000001
0,144,20736,180.5,28.7,0.00945,5.117,0.501,Als,2.69258,1.19029
0,93,8649,109.3,28.3,0.01268,1.681,0.23,Als,4.29535,0.21109
0,109,11881,93.0,26.6,0.010329999999999999,3.22,0.556,Als,1.9849400000000001,0.71409
1,98,9604,111.8,25.7,0.01056,1.814,0.27399999999999997,Als,4.78017,0.65187
1,102,10404,128.7,27.2,0.00933,5.772,0.815,Als,5.3907300000000005,0.7066100000000001
0,111,12321,134.8,26.6,0.00703,5.7379999999999995,0.797,Als,2.2,1.57079
0,126,15876,119.8,26.4,0.01124,3.86,0.47100000000000003,Als,1.47648,0.49394
0,156,24336,117.5,28.1,0.01025,1.915,0.20800000000000002,Als,4.1048800000000005,0.97604
0,110,12100,139.6,29.0,0.00966,2.97,0.281,Als,3.8470800000000005,1.0839
1,78,6084,101.7,25.4,0.01025,1.835,0.203,Als,3.27567,1.02514
1,33,1089,91.3,19.7,0.01281,2.272,0.298,Als,2.28254,1.06795
0,58,3364,80.5,19.5,0.01192,2.363,0.381,Als,2.41661,0.42663
0,41,1681,67.7,21.2,0.0097,4.203,1.043,Als,3.9623199999999996,0.8211
0,87,7569,110.2,23.4,0.00885,2.25,0.294,Als,5.69386,0.5344
0,42,1764,96.7,23.5,0.010190000000000001,2.519,0.34299999999999997,Als,5.73062,0.51049
0,39,1521,51.7,12.7,0.00861,6.336,1.874,Als,4.20476,1.12842
1,65,4225,59.8,14.9,0.00484,4.398,1.409,Als,4.85489,1.00565
0,65,4225,83.2,16.9,0.00514,5.067,1.1159999999999999,Als,2.24722,1.20682
0,78,6084,82.9,19.3,0.00469,4.7410000000000005,0.955,Als,6.161169999999999,0.9467700000000001
0,57,3249,104.9,19.4,0.00672,5.205,0.779,Als,4.51885,1.13684
0,79,6241,69.3,20.5,0.0070799999999999995,3.9339999999999997,0.883,Als,2.6400799999999998,0.9197200000000001
1,101,10201,111.2,19.3,0.00665,2.633,0.34299999999999997,Als,4.159330000000001,0.4744
0,23,529,65.1,18.3,0.011059999999999999,2.519,0.507,Als,2.77849,0.5280699999999999
0,19,361,48.2,20.5,0.007859999999999999,7.777,2.1430000000000002,Als,3.58469,1.04473
0,41,1681,63.4,18.2,0.00655,1.795,0.402,Als,4.20119,0.6673100000000001
0,52,2704,58.8,15.5,0.00839,2.917,0.6679999999999999,Als,6.2642,0.29146
1,84,7056,81.3,22.3,0.009040000000000001,0.785,0.213,Cad,9.3622,-0.40629
1,103,10609,100.5,20.7,0.00748,0.981,0.233,Cad,9.4366,-0.17038
0,100,10000,115.1,17.9,0.008159999999999999,0.8109999999999999,0.193,Cad,9.4048,-0.14942
0,96,9216,95.0,19.7,0.007259999999999999,0.743,0.191,Cad,10.9385,-0.24941
0,115,13225,93.8,24.3,0.0071,0.7879999999999999,0.19899999999999998,Cad,9.7739,-0.3444
0,114,12996,117.5,24.9,0.00909,1.109,0.22,Cad,7.6531,-0.11787
0,153,23409,128.8,27.1,0.00937,1.194,0.19699999999999998,Cad,4.6872,0.588
1,203,41209,182.0,25.4,0.01275,5.952000000000001,0.812,Cad,6.1074,0.6926399999999999
1,208,43264,188.0,25.3,0.01184,7.85,1.13,Cad,6.7956,0.57576
0,121,14641,137.7,25.5,0.01141,10.433,1.931,Cad,6.1221,0.66964
0,112,12544,101.1,21.1,0.01706,1.1540000000000001,0.27,Cad,6.8118,-0.86854
0,114,12996,129.3,17.7,0.01684,3.685,0.685,Cad,2.9206,0.66405
0,56,3136,146.4,14.3,0.01488,2.988,0.524,Cad,5.2154,0.07677
0,103,10609,115.4,19.0,0.010879999999999999,1.922,0.354,Cad,8.5475,0.10549000000000001
1,84,7056,78.7,15.3,0.01547,0.84,0.235,Cad,1.6125,-1.05165
1,72,5184,88.4,20.4,0.01315,0.76,0.19699999999999998,Cad,8.1345,-0.36453
0,92,8464,85.3,23.0,0.0069,0.8540000000000001,0.21899999999999997,Cad,11.0693,-0.39896
0,77,5929,89.2,25.2,0.00922,0.953,0.221,Cad,9.2445,-0.27384000000000003
0,178,31684,192.3,26.9,0.01209,5.7829999999999995,0.703,Cad,7.6158,0.40489
0,114,12996,126.2,29.4,0.0117,1.3630000000000002,0.226,Cad,7.7414,-0.10352
0,173,29929,143.1,28.5,0.01208,5.686,0.898,Cad,6.9354,0.4314
0,194,37636,177.6,30.9,0.0101,6.974,0.94,Cad,6.3906,0.35144000000000003
0,188,35344,159.8,31.6,0.008879999999999999,4.145,0.777,Cad,7.8109,0.3258
0,143,20449,203.2,32.3,0.01132,6.1979999999999995,0.703,Cad,6.4885,0.49812
0,125,15625,214.5,30.8,0.00733,4.045,0.466,Cad,6.4133,0.18822
1,106,11236,138.0,34.1,0.01192,1.112,0.159,Cad,7.5505,-0.19999
1,114,12996,157.8,32.9,0.01569,3.4810000000000003,0.45399999999999996,Cad,7.1847,0.60731
0,112,12544,144.1,31.7,0.01414,1.9180000000000001,0.27399999999999997,Cad,7.7666,-0.2075
0,100,10000,147.7,30.8,0.01047,1.7,0.228,Cad,9.6047,-0.25255
0,166,27556,48.3,27.0,0.02361,1.4880000000000002,0.494,Cad,3.1953,-1.21935
0,135,18225,183.0,27.8,0.01463,7.7829999999999995,1.054,Cad,5.8052,0.73666
0,73,5329,104.1,26.6,0.00891,1.151,0.214,Cad,11.9281,-0.60661
1,101,10201,102.6,27.0,0.00727,1.0270000000000001,0.204,Cad,7.311,-0.05474
1,117,13689,108.0,26.1,0.010029999999999999,0.9059999999999999,0.192,Cad,5.4745,0.16515
0,118,13924,146.9,24.8,0.013669999999999998,2.28,0.374,Cad,4.9659,1.1341700000000001
0,74,5476,129.9,26.5,0.01146,1.347,0.24100000000000002,Cad,7.3682,-0.13614
0,108,11664,148.6,24.4,0.01769,6.4910000000000005,1.121,Cad,7.5769,0.39276
0,64,4096,100.2,26.6,0.008,1.063,0.217,Cad,11.0766,-0.11764000000000001
0,131,17161,134.7,26.5,0.00937,4.539,0.86,Cad,7.7698,0.55587
1,77,5929,100.8,24.6,0.010329999999999999,0.875,0.18,Cad,7.9202,-0.42976000000000003
1,91,8281,155.1,30.1,0.01152,2.396,0.33799999999999997,Cad,7.0214,0.18622
0,102,10404,113.9,30.2,0.01037,0.922,0.163,Cad,5.1662,-1.31643
0,105,11025,130.5,28.9,0.012190000000000001,1.757,0.32899999999999996,Cad,4.1617,0.9561299999999999
0,82,6724,199.7,26.8,0.014209999999999999,2.838,0.309,Cad,6.9065,-0.04345
0,80,6400,106.5,29.1,0.00923,1.1059999999999999,0.215,Cad,8.36,-0.1199
0,89,7921,119.6,29.8,0.00892,1.149,0.20199999999999999,Cad,8.4593,-0.11849000000000001
1,70,4900,73.9,25.5,0.01073,0.446,0.124,Cad,9.0377,-0.43395
0,94,8836,137.6,20.3,0.01901,1.571,0.24100000000000002,Cad,6.407,-0.04684
0,77,5929,129.5,26.8,0.01463,1.6,0.263,Cad,8.9944,-0.49846
0,114,12996,112.9,29.4,0.01169,0.867,0.155,Cad,10.3092,-0.31561999999999996
0,157,24649,163.3,28.8,0.00785,1.8780000000000001,0.282,Cad,7.7104,-0.16940999999999998
1,202,40804,199.6,30.8,0.01222,3.813,0.409,Cad,8.3385,0.09609
1,191,36481,268.6,30.7,0.0148,7.332000000000001,0.653,Cad,5.728,0.2831
0,112,12544,151.5,31.9,0.00785,1.9480000000000002,0.258,Cad,8.0623,-0.12435
0,189,35721,179.9,30.5,0.01372,2.412,0.276,Cad,7.0,0.0
0,81,6561,86.1,28.5,0.01048,0.568,0.126,Cad,12.8316,-0.7137
0,101,10201,104.1,28.0,0.00958,1.197,0.221,Cad,10.6892,-0.4762
0,133,17689,128.1,29.0,0.012209999999999999,1.4769999999999999,0.251,Cad,4.7885,0.5010100000000001
1,147,21609,131.0,28.7,0.01414,2.595,0.43700000000000006,Cad,7.2498,0.42663
1,175,30625,185.6,28.4,0.01535,2.9139999999999997,0.35100000000000003,Cad,6.4514,0.33155
0,143,20449,172.3,23.9,0.027530000000000002,1.996,0.22,Cad,5.4589,0.49642
0,123,15129,158.5,22.6,0.02186,2.948,0.428,Cad,5.7871,0.17367
0,137,18769,141.8,31.0,0.01065,2.276,0.35100000000000003,Cad,7.278,0.22165
1,224,50176,157.0,32.2,0.01241,3.298,0.462,Cad,8.1271,0.32564
1,182,33124,175.2,32.5,0.01564,3.332,0.413,Cad,8.132,0.28675
0,257,66049,153.6,34.5,0.0104,3.863,0.5479999999999999,Cad,8.5615,0.24781
0,269,72361,173.5,34.3,0.013859999999999999,4.062,0.508,Cad,8.4694,0.40024
0,319,101761,155.9,34.9,0.01142,2.87,0.385,Cad,8.3744,0.20442000000000002
0,209,43681,185.6,33.1,0.019,1.931,0.215,Cad,3.7014,0.02702
0,209,43681,174.6,30.4,0.02143,3.6639999999999997,0.45799999999999996,Cad,3.9395,0.41822
1,175,30625,157.8,33.1,0.01556,2.3080000000000003,0.306,Cad,5.1788,0.17467
1,208,43264,141.3,33.4,0.0107,4.672,0.7340000000000001,Cad,8.9694,0.38879
0,185,34225,182.1,34.9,0.01817,3.313,0.37799999999999995,Cad,8.5796,0.36968
0,254,64516,211.2,36.3,0.01347,5.9910000000000005,0.589,Cad,7.6968,0.42878
0,296,87616,189.0,35.0,0.01722,6.023,0.6679999999999999,Cad,8.5088,0.41106000000000004
0,201,40401,203.9,34.3,0.015569999999999999,3.562,0.402,Cad,7.3926,0.40312
1,168,28224,168.5,33.6,0.01599,2.645,0.308,Cad,7.7466,0.19485999999999998
1,102,10404,161.9,32.3,0.01675,2.924,0.361,Cad,5.9682,0.5461699999999999
0,137,18769,134.1,30.2,0.013609999999999999,2.5869999999999997,0.402,Cad,6.9893,0.33532
0,134,17956,120.5,32.8,0.010159999999999999,0.997,0.159,Cad,9.6338,-0.16685999999999998
1,141,19881,110.3,26.0,0.006809999999999999,3.088,0.747,Cad,3.8079,1.04839
0,114,12996,123.8,26.2,0.00412,0.85,0.142,Cad,5.8421,-1.45069
0,97,9409,90.6,22.4,0.00343,0.551,0.14,Cad,9.1417,-0.34597
1,108,11664,118.9,21.3,0.0043,0.738,0.146,Cad,9.2957,-0.70163
0,99,9801,112.9,21.0,0.00328,1.194,0.259,Cad,9.7082,-0.041210000000000004
0,135,18225,127.8,18.8,0.00748,1.392,0.244,Cad,2.1024,-0.047580000000000004
0,118,13924,122.2,21.5,0.00398,1.8869999999999998,0.365,Cad,5.8009,0.017240000000000002
0,130,16900,131.0,20.6,0.00547,2.106,0.392,Cad,8.6452,-0.71992
1,105,11025,85.0,17.3,0.01121,2.47,0.7340000000000001,Cad,4.1593,-0.1691
1,113,12769,111.9,19.3,0.00639,1.659,0.386,Cad,6.407,-0.04684
0,103,10609,96.6,14.8,0.00983,1.327,0.363,Cad,2.6476,0.18999000000000002
0,86,7396,120.7,15.6,0.0101,0.971,0.18100000000000002,Cad,6.5437,-0.67713
0,85,7225,97.1,18.6,0.00718,1.2690000000000001,0.317,Cad,8.7092,-0.37624
0,113,12769,132.6,23.1,0.0044399999999999995,2.065,0.376,Cad,6.5008,-0.015380000000000001
0,122,14884,135.4,23.5,0.0062,6.268,1.266,Cad,7.4,0.3303
1,127,16129,113.4,24.9,0.00528,3.5460000000000003,0.8340000000000001,Cad,6.4661,0.5536800000000001
1,123,15129,129.4,22.5,0.00541,0.787,0.147,Cad,6.1847,-0.6823199999999999
0,93,8649,100.3,21.9,0.0071,0.745,0.168,Cad,11.3217,-0.42808999999999997
0,114,12996,124.3,24.4,0.0074,1.7730000000000001,0.341,Cad,5.8215,0.08599
0,201,40401,188.4,26.5,0.013359999999999999,2.915,0.35600000000000004,Cad,3.5903,0.22471
0,207,42849,217.0,26.6,0.013280000000000002,3.4339999999999997,0.355,Cad,5.9211,0.08454
0,169,28561,150.4,27.6,0.010740000000000001,1.7730000000000001,0.258,Cad,4.1183,0.5071
1,183,33489,164.1,26.5,0.01085,2.369,0.33799999999999997,Cad,6.6370000000000005,0.10567
1,192,36864,160.7,26.6,0.01089,2.296,0.33899999999999997,Cad,7.0093,0.24498000000000003
0,101,10201,111.7,27.9,0.014280000000000001,0.946,0.172,Cad,9.5462,-0.39801
0,109,11881,109.1,25.6,0.01166,1.611,0.35,Cad,3.4059,-0.05876
0,156,24336,127.4,23.5,0.012790000000000001,1.429,0.245,Cad,2.7459,0.5779
0,200,40000,128.9,24.5,0.0117,0.894,0.154,Cad,2.7313,0.41451000000000005
0,138,19044,168.3,25.8,0.010029999999999999,1.7730000000000001,0.24,Cad,3.3541,1.39094
1,111,12321,121.0,26.5,0.00417,0.9640000000000001,0.191,Cad,7.4632,-0.31328
1,96,9216,102.2,27.9,0.00474,0.856,0.188,Cad,9.4868,-0.32175
0,77,5929,101.7,27.5,0.00566,1.0090000000000001,0.213,Cad,9.6897,-0.54219
0,108,11664,132.9,20.6,0.00656,3.218,0.648,Cad,7.8892,0.53172
0,125,15625,108.1,21.9,0.00477,1.6280000000000001,0.369,Cad,6.5192,0.36057
0,168,28224,127.9,21.0,0.00494,1.5390000000000001,0.311,Cad,7.506,-0.03998
1,135,18225,135.9,20.9,0.00643,4.878,1.062,Cad,7.2014,0.44501999999999997
1,137,18769,128.5,23.8,0.00746,1.258,0.226,Cad,5.9464,0.8329799999999999
0,137,18769,126.0,25.4,0.008,0.7559999999999999,0.132,Cad,7.7666,-0.96851
0,132,17424,165.1,30.1,0.00804,1.27,0.16899999999999998,Cad,6.5069,-0.04612
1,181,32761,157.5,30.6,0.01108,1.435,0.184,Cad,6.5734,0.23021999999999998
0,148,21904,152.8,27.6,0.012209999999999999,1.097,0.157,Cad,2.2023,-0.88187
0,141,19881,157.6,27.5,0.01324,1.964,0.282,Cad,3.7121,-0.0809
0,127,16129,161.7,30.0,0.01018,2.069,0.251,Cad,4.9193,0.46365
1,125,15625,157.5,30.3,0.00847,2.9219999999999997,0.42700000000000005,Cad,7.2111,0.33929000000000004
1,220,48400,187.1,33.0,0.00793,3.844,0.461,Cad,6.9426,0.20305
0,163,26569,198.8,33.4,0.00757,9.536,1.188,Cad,7.2277,0.25169
0,125,15625,152.2,32.8,0.00821,4.81,0.736,Cad,8.9811,0.32879
0,110,12100,153.0,28.5,0.01098,3.088,0.513,Cad,7.3239,0.61073
0,114,12996,94.2,28.3,0.00655,0.797,0.182,Cad,10.4785,-0.23109000000000002
0,78,6084,79.3,26.1,0.00473,0.7020000000000001,0.196,Cad,11.3864,-0.80403
1,97,9409,154.5,29.7,0.00658,2.8510000000000004,0.40700000000000003,Cad,6.8942,0.41822
1,132,17424,184.1,31.2,0.01022,3.083,0.371,Cad,5.1546,0.31561999999999996
0,92,8464,142.9,24.8,0.01375,3.305,0.491,Cad,6.7742,0.54295
0,75,5625,106.2,26.9,0.008440000000000001,0.99,0.19899999999999998,Cad,9.8995,-0.1419
0,83,6889,103.0,26.5,0.00561,0.889,0.209,Cad,10.139,-0.25933
1,111,12321,122.2,24.4,0.00554,0.981,0.18899999999999997,Cad,10.0807,-0.18961
1,101,10201,128.9,24.7,0.00755,1.085,0.159,Cad,1.2369,0.24498000000000003
0,123,15129,134.4,29.9,0.00775,1.196,0.204,Cad,5.099,0.44611000000000006
0,150,22500,171.5,28.4,0.00774,2.17,0.28300000000000003,Cad,7.1021,0.16978
0,184,33856,158.3,28.4,0.00881,1.122,0.156,Cad,0.6083,1.40565
1,203,41209,172.5,29.4,0.00883,2.544,0.325,Cad,6.8007,0.345
0,161,25921,177.1,29.3,0.00831,5.405,0.727,Cad,7.209,0.414
1,170,28900,174.1,33.8,0.00978,3.719,0.462,Cad,7.0385,0.3937
1,217,47089,221.1,35.1,0.00762,3.7319999999999998,0.368,Cad,6.772,0.28438
0,131,17161,266.7,24.1,0.01355,5.625,0.494,Cad,3.2249,0.51915
0,86,7396,102.5,27.3,0.00836,1.128,0.222,Cad,9.3301,-0.3048
0,114,12996,95.1,31.5,0.00481,1.0290000000000001,0.22,Cad,10.0319,-0.41013
0,85,7225,109.3,31.7,0.006509999999999999,1.109,0.207,Cad,10.2942,-0.69598
0,123,15129,107.6,31.0,0.00458,0.981,0.193,Cad,10.1843,-0.34038
1,108,11664,150.1,27.9,0.00484,1.635,0.254,Cad,8.1056,0.03702
1,136,18496,154.7,30.0,0.00811,3.4819999999999998,0.51,Cad,6.7543,0.44378
0,163,26569,157.2,30.0,0.010759999999999999,2.81,0.397,Cad,7.0214,0.45728
0,183,33489,249.9,31.4,0.00923,4.311,0.401,Cad,7.3376,0.30451
0,136,18496,136.3,32.8,0.00985,0.8220000000000001,0.12300000000000001,Cad,4.7676,1.4022
0,129,16641,133.4,33.6,0.00923,0.83,0.124,Cad,5.9237,-1.19029
0,173,29929,149.1,30.4,0.01098,1.421,0.195,Cad,7.1847,-0.96349
1,120,14400,109.9,29.6,0.00607,0.893,0.175,Cad,8.6348,-0.23374
1,103,10609,96.4,27.0,0.00372,0.838,0.187,Cad,10.2961,-0.19549
0,107,11449,144.3,30.4,0.00496,1.819,0.265,Cad,7.0257,0.08551
0,110,12100,126.4,23.2,0.01239,1.03,0.154,Cad,2.5495,0.44611000000000006
0,102,10404,116.4,29.3,0.00713,1.3530000000000002,0.239,Cad,10.7075,-0.9646600000000001
0,109,11881,126.2,28.9,0.00549,1.6680000000000001,0.278,Cad,10.8467,-0.71363
0,112,12544,102.3,32.5,0.00481,1.507,0.28600000000000003,Cad,7.0385,-0.3937
1,87,7569,97.8,30.5,0.0039299999999999995,0.643,0.147,Cad,10.6301,-0.71883
1,75,5625,84.0,27.6,0.00598,0.843,0.204,Cad,10.9604,-0.79185
0,117,13689,105.3,27.9,0.00285,1.536,0.29,Cad,4.2544,0.41106000000000004
0,146,21316,135.9,27.6,0.006490000000000001,3.168,0.544,Cad,6.9778,0.44442
0,122,14884,190.4,22.8,0.014169999999999999,2.995,0.326,Cad,4.2048,0.44237
0,99,9801,115.0,29.9,0.00515,1.109,0.193,Cad,7.0937,-0.70557
1,95,9025,67.1,29.0,0.00468,0.583,0.17300000000000001,Cad,10.3368,-0.21447
1,89,7921,98.3,28.9,0.00589,1.0090000000000001,0.201,Cad,9.9141,-0.15188
0,158,24964,168.2,29.6,0.0047799999999999995,4.513999999999999,0.578,Cad,4.8384,0.31521
0,138,19044,117.5,28.0,0.00843,1.2930000000000001,0.22,Cad,6.7268,0.08931
1,93,8649,108.1,24.3,0.00575,0.524,0.105,Cad,6.8066,-0.04409
1,64,4096,115.6,20.2,0.00999,1.3940000000000001,0.196,Cad,3.2016,0.25255
0,83,6889,123.0,27.4,0.00801,1.4580000000000002,0.231,Cad,8.9022,-0.66597
0,96,9216,91.9,26.6,0.005220000000000001,0.657,0.149,Cad,10.2416,-0.45491000000000004
0,129,16641,153.9,27.3,0.00847,1.9380000000000002,0.24600000000000002,Cad,6.1131,0.26482
0,128,16384,142.0,26.6,0.0069700000000000005,4.37,0.627,Cad,7.1784,0.32616
0,100,10000,104.1,27.2,0.00807,1.929,0.3,Cad,6.7912,-0.23784
1,52,2704,218.2,23.1,0.00952,6.148,0.48200000000000004,Cad,5.8669,0.51703
1,97,9409,100.5,23.5,0.01128,1.073,0.198,Cad,4.6648,-1.0303799999999999
0,132,17424,154.3,28.3,0.00892,2.248,0.266,Cad,2.2361,0.46365
0,177,31329,214.0,29.8,0.00907,3.615,0.318,Cad,5.5109,0.20095
0,175,30625,198.2,29.3,0.0069,7.02,0.731,Cad,7.1021,0.16978
0,152,23104,134.8,28.3,0.00857,4.684,0.693,Cad,6.14,0.52925
0,214,45796,212.2,31.1,0.0081,7.331,0.67,Cad,5.2469,0.13380999999999998
1,209,43681,175.0,30.4,0.00916,4.353,0.495,Cad,7.0456,0.11379
1,164,26896,141.4,29.4,0.0077,3.6910000000000003,0.529,Cad,6.0083,0.32175
0,110,12100,137.6,24.0,0.00859,2.992,0.35200000000000004,Cad,11.2201,-0.63994
0,104,10816,103.7,20.8,0.013000000000000001,1.551,0.281,Cad,9.3477,-0.6028399999999999
0,73,5329,91.9,19.0,0.01288,1.9980000000000002,0.319,Cad,6.5,-0.5325
0,114,12996,78.5,19.7,0.01265,12.769,2.215,Cad,3.2202,0.44976000000000005
1,87,7569,81.0,21.6,0.01268,0.757,0.10099999999999999,Cad,2.184,-1.2925
0,84,7056,97.0,21.7,0.00838,1.7280000000000002,0.345,Cad,4.4283,0.11315
0,112,12544,119.1,22.8,0.00896,3.543,0.5589999999999999,Cad,3.1623,0.60554
0,103,10609,124.6,24.7,0.009770000000000001,2.02,0.304,Cad,4.5695,0.40489
0,113,12769,125.3,26.2,0.0098,2.6,0.35700000000000004,Cad,5.022,0.22083000000000003
0,74,5476,55.5,18.3,0.00998,1.847,0.632,Cad,2.0248,0.35299
0,119,14161,127.6,20.5,0.007859999999999999,2.28,0.33399999999999996,Cad,4.1049,0.04874
0,146,21316,144.9,21.0,0.00659,11.54,1.4140000000000001,Cad,4.982,0.18165
1,93,8649,159.2,20.2,0.009859999999999999,8.892999999999999,0.977,Cad,3.0364,0.30091999999999997
1,96,9216,65.8,14.7,0.00974,1.331,0.536,Ram,6.6611,0.94531
1,92,8464,77.8,13.6,0.01268,1.248,0.46,Ram,7.8549,1.0216399999999999
0,92,8464,91.1,12.9,0.01227,1.518,0.442,Ram,4.1869,0.8699399999999999
0,69,4761,72.2,14.5,0.013680000000000001,2.105,0.775,Ram,7.2277,1.31911
0,89,7921,81.3,14.9,0.01034,1.524,0.528,Ram,4.3909,0.5248
0,110,12100,98.6,18.4,0.010320000000000001,1.849,0.473,Ram,3.9395,0.41822
0,132,17424,114.8,20.6,0.00982,4.694,1.068,Ram,2.7203,1.2723
1,138,19044,166.3,26.5,0.00813,12.190999999999999,1.953,Ram,4.7853900000000005,0.4543
1,131,17161,169.3,27.4,0.00988,2.2640000000000002,0.317,Ram,1.7029400000000001,-1.51204
0,107,11449,128.8,23.3,0.014119999999999999,1.807,0.354,Ram,2.80713,-0.07131
0,97,9409,116.7,18.5,0.01524,2.6289999999999996,0.55,Ram,2.69258,0.54679
0,63,3969,65.8,13.2,0.014469999999999998,13.93,6.49,Ram,9.10055,0.01099
0,92,8464,106.6,17.6,0.01157,1.8130000000000002,0.47,Ram,4.61411,0.52183
0,96,9216,91.5,15.6,0.011909999999999999,1.895,0.56,Ram,5.71402,0.99736
1,86,7396,110.1,17.4,0.0116,2.0669999999999997,0.515,Ram,4.301159999999999,0.95055
1,73,5329,105.3,16.0,0.01001,1.5430000000000001,0.363,Ram,7.000710000000001,0.7753
0,85,7225,68.6,16.1,0.011340000000000001,1.294,0.465,Ram,6.02163,0.62025
0,93,8649,67.0,19.4,0.00932,1.0290000000000001,0.34,Ram,6.58635,0.5248
0,51,2601,83.3,19.4,0.0143,1.791,0.509,Ram,6.351380000000001,0.5836399999999999
0,59,3481,76.4,21.7,0.015580000000000002,1.541,0.435,Ram,5.40833,0.33929000000000004
0,100,10000,117.4,27.5,0.01994,3.045,0.541,Ram,4.03113,-1.44644
1,82,6724,100.0,22.1,0.0147,2.097,0.49700000000000005,Ram,3.77359,0.5586
1,83,6889,122.9,27.1,0.01348,1.6130000000000002,0.293,Ram,2.92062,0.90675
0,151,22801,182.2,32.4,0.01859,2.2640000000000002,0.257,Ram,3.33017,0.84914
0,60,3600,93.8,22.7,0.01625,2.055,0.473,Ram,7.31095,-0.69824
0,98,9604,144.9,21.7,0.01323,11.024000000000001,1.99,Ram,3.49285,1.15839
0,76,5776,97.5,21.3,0.014369999999999999,2.076,0.47100000000000003,Ram,3.5510599999999997,-0.56457
0,116,13456,144.4,22.5,0.01514,2.175,0.361,Ram,2.14709,0.48448
1,73,5329,118.2,24.3,0.015819999999999997,1.807,0.315,Ram,4.079219999999999,0.1974
1,102,10404,128.1,23.1,0.010440000000000001,3.2430000000000003,0.611,Ram,4.218999999999999,-1.47584
0,115,13225,98.0,22.3,0.010029999999999999,2.865,0.6779999999999999,Ram,5.33667,-1.344
0,135,18225,138.6,22.1,0.00954,2.346,0.386,Ram,3.25576,-1.38545
0,124,15376,144.7,24.4,0.00957,2.784,0.5429999999999999,Ram,3.93954,-1.15257
0,90,8100,82.5,21.6,0.01111,1.974,0.688,Ram,5.20096,-0.90807
0,94,8836,66.5,18.6,0.00963,3.542,1.412,Ram,5.24023,-0.8394
1,116,13456,66.7,19.3,0.00875,0.855,0.324,Ram,2.9,-0.7610100000000001
1,87,7569,80.5,22.1,0.00948,0.9359999999999999,0.262,Ram,4.130380000000001,-0.12135
0,56,3136,59.3,16.0,0.01593,1.739,0.6759999999999999,Ram,7.710380000000001,0.81291
0,128,16384,86.4,23.6,0.01406,1.9769999999999999,0.485,Ram,7.49533,-1.3419999999999999
0,105,11025,104.7,22.6,0.01499,2.472,0.537,Ram,4.39318,-1.36447
0,115,13225,153.3,24.1,0.0113,6.935,1.051,Ram,5.099019999999999,1.12469
0,138,19044,165.1,25.0,0.00962,9.132,1.249,Ram,4.3829199999999995,0.9638100000000001
1,134,17956,176.7,27.6,0.00963,2.519,0.312,Ram,2.0,0.9273
1,96,9216,92.8,22.1,0.010759999999999999,1.528,0.36700000000000005,Ram,5.51543,-1.18019
0,113,12769,131.0,23.2,0.00899,2.947,0.547,Ram,3.66879,-1.26629
0,73,5329,100.0,25.8,0.01349,1.5130000000000001,0.337,Ram,4.7201699999999995,-0.63503
0,85,7225,92.8,23.5,0.009590000000000001,1.275,0.273,Ram,6.5192,-0.72027
0,73,5329,93.3,20.4,0.013359999999999999,1.2930000000000001,0.278,Ram,3.7589900000000003,-0.49935
0,70,4900,113.1,24.3,0.01541,1.867,0.327,Ram,2.22036,-0.62549
1,140,19600,208.6,28.8,0.01585,6.357,0.649,Ram,3.20624,-0.06242
1,137,18769,190.3,32.8,0.01665,2.097,0.23199999999999998,Ram,0.82462,-0.24498000000000003
0,174,30276,209.6,31.1,0.01839,2.469,0.225,Ram,2.74591,-0.18311
0,84,7056,170.5,24.7,0.01505,2.04,0.261,Ram,4.13401,-0.56116
0,85,7225,91.7,20.1,0.013430000000000001,0.943,0.222,Ram,4.43847,0.39305999999999996
0,147,21609,133.9,28.5,0.0118,2.161,0.321,Ram,0.9848899999999999,0.41822
1,202,40804,143.2,30.0,0.01441,3.2430000000000003,0.456,Ram,3.33766,-1.42042
1,228,51984,170.2,33.2,0.01517,7.947,0.938,Ram,3.4014699999999998,1.1466
0,164,26896,172.9,35.8,0.013069999999999998,11.809000000000001,1.3780000000000001,Ram,3.9824599999999997,0.49733999999999995
0,228,51984,195.7,37.4,0.0152,8.508,0.8440000000000001,Ram,5.4037,0.68052
0,280,78400,221.6,38.0,0.014180000000000002,9.192,0.903,Ram,4.95782,0.72832
0,227,51529,153.5,35.7,0.0197,2.635,0.34700000000000003,Ram,6.772,-1.28641
0,276,76176,223.5,34.7,0.01937,9.091000000000001,0.765,Ram,1.7029400000000001,0.86854
1,221,48841,158.7,35.6,0.015030000000000002,5.099,0.643,Ram,3.11448,0.8308200000000001
1,163,26569,164.7,36.8,0.011940000000000001,2.647,0.319,Ram,2.2360700000000002,-0.17985
0,155,24025,162.6,36.6,0.01354,1.168,0.13699999999999998,Ram,4.70106,-1.54952
0,183,33489,133.8,37.9,0.01344,0.887,0.11,Ram,3.80789,0.23861
0,169,28561,128.6,33.0,0.01621,2.117,0.309,Ram,5.6035699999999995,1.5351
0,175,30625,193.3,29.4,0.013980000000000001,18.784000000000002,2.3680000000000003,Ram,2.78927,0.25367
1,140,19600,114.2,24.3,0.01247,22.985,5.067,Ram,3.0016700000000003,0.52328
1,169,28561,132.9,27.1,0.01145,8.488,1.4569999999999999,Ram,4.20119,0.90349
1,146,21316,137.0,27.0,0.01655,2.6519999999999997,0.327,Ram,2.97321,-0.34302
0,103,10609,112.6,21.3,0.01676,2.29,0.40700000000000003,Ram,5.3150699999999995,0.20847
0,93,8649,73.1,24.5,0.01273,1.1740000000000002,0.307,Ram,3.18277,-0.80762
1,100,10000,87.4,23.6,0.00895,2.34,0.5770000000000001,Ram,6.0008300000000006,1.15934
0,103,10609,103.0,21.2,0.011909999999999999,1.135,0.215,Ram,2.90172,0.03447
0,79,6241,87.8,12.3,0.00821,2.7960000000000003,0.762,Ram,4.5967400000000005,-0.7700100000000001
1,97,9409,79.8,14.3,0.00499,2.495,0.792,Ram,5.0774,-1.01011
1,99,9801,74.8,14.4,0.0047,1.0070000000000001,0.337,Ram,8.68217,-0.57203
1,90,8100,66.6,13.0,0.00527,1.6030000000000002,0.609,Ram,5.1614,-0.62025
0,105,11025,74.2,12.8,0.00317,2.825,1.082,Ram,2.65707,-1.2252399999999999
0,92,8464,80.7,12.9,0.00361,3.764,1.307,Ram,5.239269999999999,1.15839
0,99,9801,87.9,14.2,0.00351,10.349,3.333,Ram,6.17738,0.5071
0,110,12100,97.1,17.5,0.00465,4.27,1.085,Ram,8.6885,0.20868
1,48,2304,58.4,11.9,0.007640000000000001,4.477,1.944,Ram,5.73149,-0.82242
1,96,9216,96.1,15.2,0.00735,28.383000000000003,7.56,Ram,3.15753,0.19118
0,83,6889,86.7,15.8,0.0066,3.1689999999999996,0.9359999999999999,Ram,3.7,-1.57079
0,78,6084,70.0,13.8,0.0049,2.492,0.963,Ram,5.2469,1.43699
0,84,7056,110.5,13.2,0.00395,11.161,3.0410000000000004,Ram,0.7,-1.57079
0,84,7056,76.4,16.0,0.00705,1.666,0.496,Ram,5.60803,1.18698
0,78,6084,85.5,20.1,0.00798,1.695,0.441,Ram,5.68507,0.88507
1,75,5625,74.9,17.6,0.008190000000000001,1.171,0.37200000000000005,Ram,6.95701,1.24905
1,80,6400,64.0,15.7,0.00772,1.3840000000000001,0.53,Ram,6.21289,0.99172
0,89,7921,70.0,13.6,0.0114,1.345,0.466,Ram,4.8301099999999995,0.47291000000000005
0,95,9025,86.5,16.5,0.00992,1.43,0.39299999999999996,Ram,5.80086,0.94453
0,98,9604,132.2,23.5,0.0136,2.425,0.40399999999999997,Ram,3.18277,-0.76318
0,127,16129,167.1,28.9,0.01261,2.404,0.308,Ram,3.8948699999999996,0.50959
0,134,17956,147.6,30.6,0.01762,2.022,0.271,Ram,4.20119,-0.90349
1,77,5929,86.6,24.0,0.011590000000000001,1.165,0.276,Ram,4.1109599999999995,-0.07304
1,53,2809,84.3,17.6,0.01227,3.009,0.88,Ram,4.90918,-1.50965
0,91,8281,75.2,16.1,0.01001,1.175,0.375,Ram,4.3382,-0.45333999999999997
0,88,7744,112.5,16.7,0.01176,2.394,0.49,Ram,1.7,-1.08084
0,99,9801,148.6,19.6,0.0069299999999999995,3.622,0.564,Ram,1.56525,0.46365
0,120,14400,126.3,24.4,0.00944,1.692,0.28,Ram,3.41321,1.48279
0,93,8649,133.7,21.1,0.00966,1.376,0.217,Ram,3.5227800000000005,0.11379
1,70,4900,86.3,20.1,0.00618,0.877,0.233,Ram,7.40608,-0.04052
1,64,4096,79.4,16.7,0.00575,1.0979999999999999,0.33799999999999997,Ram,4.82597,-0.10379000000000001
0,46,2116,102.3,16.4,0.01022,3.5189999999999997,0.8220000000000001,Ram,2.40416,-1.27536
0,93,8649,95.6,19.5,0.004220000000000001,15.09,4.513999999999999,Ram,5.099019999999999,0.7299
0,104,10816,104.8,20.1,0.0054,7.237,1.828,Ram,5.46443,0.96757
0,141,19881,104.7,20.5,0.0062,8.504,2.2030000000000003,Ram,4.1,1.34948
1,97,9409,58.6,18.5,0.00417,3.4339999999999997,1.656,Ram,4.5618,1.11695
1,100,10000,100.2,19.0,0.00571,13.069,3.7739999999999996,Ram,0.64031,-0.67474
0,90,8100,84.4,19.8,0.00402,2.499,0.82,Ram,2.19545,-1.046
0,70,4900,110.9,15.2,0.00891,2.279,0.491,Ram,3.82099,0.82242
0,83,6889,107.3,22.9,0.00817,1.47,0.297,Ram,2.66833,0.2268
0,67,4489,132.6,26.1,0.01227,3.502,0.58,Ram,2.90689,-1.50194
1,95,9025,124.7,28.2,0.01069,8.126,1.5219999999999998,Ram,5.89406,0.25732
1,142,20164,129.2,29.7,0.00731,8.972999999999999,1.7169999999999999,Ram,3.74833,0.16076
0,134,17956,185.3,31.1,0.01001,3.3280000000000003,0.377,Ram,3.46699,-0.99079
0,145,21025,118.2,26.0,0.006659999999999999,3.43,0.6709999999999999,Ram,4.95782,-0.8424799999999999
0,201,40401,209.3,28.7,0.008490000000000001,6.605,0.74,Ram,1.52643,1.01914
0,143,20449,165.2,27.8,0.01791,2.766,0.36200000000000004,Ram,3.34215,0.89138
1,118,13924,147.4,25.0,0.01172,1.916,0.285,Ram,4.41022,-0.9953700000000001
1,115,13225,181.7,27.2,0.01342,14.364,1.8330000000000002,Ram,4.386340000000001,0.81765
0,146,21316,178.1,30.8,0.0121,4.955,0.612,Ram,4.30465,0.04648
0,82,6724,110.1,30.7,0.01563,4.203,0.7959999999999999,Ram,3.4828099999999997,0.8870899999999999
0,95,9025,119.2,23.3,0.01142,1.411,0.23,Ram,4.56508,0.50284
0,69,4761,81.8,21.2,0.01054,1.085,0.307,Ram,6.4381699999999995,0.81835
0,65,4225,91.9,18.8,0.01035,1.8530000000000002,0.436,Ram,5.6035699999999995,0.0357
1,88,7744,125.4,26.0,0.008740000000000001,1.631,0.275,Ram,3.13847,0.53496
1,90,8100,121.9,28.6,0.00919,1.14,0.19399999999999998,Ram,4.70425,1.52827
0,78,6084,66.5,16.9,0.00811,1.1420000000000001,0.418,Ram,7.723339999999999,0.07776
0,60,3600,75.1,18.8,0.00948,1.3090000000000002,0.39,Ram,4.62709,-0.10827
0,65,4225,74.2,18.3,0.007640000000000001,1.105,0.35200000000000004,Ram,8.06226,-0.40815
0,74,5476,100.6,18.6,0.007490000000000001,1.8019999999999998,0.431,Ram,5.1225,-0.8960600000000001
1,102,10404,133.7,19.3,0.00919,3.6289999999999996,0.593,Ram,4.7853900000000005,1.11649
1,125,15625,130.3,24.4,0.00966,2.541,0.435,Ram,5.86941,1.32995
0,134,17956,124.3,26.1,0.00987,2.7910000000000004,0.493,Ram,6.23618,1.2947
0,129,16641,141.2,26.6,0.00897,3.6860000000000004,0.575,Ram,4.97695,1.1791
0,171,29241,144.1,26.6,0.010029999999999999,2.206,0.32799999999999996,Ram,4.60109,-1.54906
1,191,36481,200.4,27.8,0.00856,3.4819999999999998,0.36700000000000005,Ram,0.3,-1.57079
0,158,24964,185.0,30.5,0.01197,2.225,0.22899999999999998,Ram,4.29535,-1.13839
1,104,10816,128.3,29.6,0.0077599999999999995,2.8310000000000004,0.47200000000000003,Ram,3.10644,-0.99172
1,167,27889,168.4,29.0,0.00648,12.671,1.801,Ram,2.6,0.39479000000000003
0,103,10609,110.5,19.1,0.01017,1.5,0.308,Ram,5.10882,0.05876
0,75,5625,82.6,19.6,0.0105,1.713,0.45399999999999996,Ram,6.66108,-0.13552999999999998
0,48,2304,93.8,22.3,0.01061,1.635,0.363,Ram,7.470610000000001,-0.4876
0,81,6561,90.0,24.2,0.0056700000000000006,1.1320000000000001,0.282,Ram,6.38905,-0.6967399999999999
0,112,12544,134.9,24.5,0.00798,1.956,0.318,Ram,2.74591,-0.5779
1,83,6889,151.1,22.0,0.00788,1.98,0.29,Ram,1.87883,-0.43983999999999995
1,55,3025,103.1,17.8,0.0121,1.9769999999999999,0.40399999999999997,Ram,6.00333,1.53748
0,70,4900,86.7,22.2,0.01068,1.225,0.303,Ram,7.9555,0.25411999999999996
0,60,3600,160.7,20.1,0.01211,7.132000000000001,0.9129999999999999,Ram,0.76158,-1.1659
0,94,8836,209.9,26.7,0.013319999999999999,9.992,0.996,Ram,1.41421,0.1419
0,97,9409,93.3,24.1,0.01385,2.9730000000000003,0.591,Ram,1.74642,1.15839
0,79,6241,84.0,19.1,0.01215,2.437,0.59,Ram,5.34883,0.36315
1,87,7569,76.1,18.2,0.00949,0.965,0.276,Ram,4.96488,0.16184
1,63,3969,75.3,18.5,0.01014,1.528,0.428,Ram,4.10122,0.024390000000000002
0,66,4356,108.4,18.1,0.01048,3.766,0.8390000000000001,Ram,2.19545,-1.046
0,114,12996,105.1,21.2,0.01056,2.9810000000000003,0.645,Ram,4.92443,-1.15257
0,68,4624,85.5,23.1,0.00969,1.33,0.322,Ram,6.04649,-0.59718
0,88,7744,77.7,21.1,0.006509999999999999,1.4,0.384,Ram,3.8013199999999996,-0.9536
0,38,1444,75.3,22.5,0.00926,1.2309999999999999,0.32899999999999996,Ram,6.503080000000001,0.030760000000000003
1,84,7056,74.5,20.2,0.006540000000000001,2.609,0.795,Ram,4.891830000000001,-0.71306
1,94,8836,70.2,20.5,0.00549,1.411,0.452,Ram,4.31856,1.47804
0,80,6400,66.0,20.4,0.00611,1.5490000000000002,0.534,Ram,4.50444,1.5263799999999998
0,92,8464,109.8,22.3,0.00627,10.21,2.2230000000000003,Ram,2.86531,1.06031
0,83,6889,121.9,25.1,0.00788,1.367,0.214,Ram,3.06105,-0.66964
0,73,5329,63.3,23.9,0.0069900000000000006,0.919,0.28600000000000003,Ram,6.0803,-0.63363
1,77,5929,73.0,23.5,0.0061200000000000004,1.195,0.29,Ram,4.301159999999999,0.02325
1,66,4356,63.6,18.3,0.007859999999999999,1.1909999999999998,0.4,Ram,8.969389999999999,-0.53851
0,127,16129,131.3,26.3,0.00685,4.663,0.755,Ram,5.0636,0.15866
0,92,8464,110.1,17.2,0.011179999999999999,1.7719999999999998,0.35200000000000004,Ram,6.48845,-0.42918
1,55,3025,107.8,18.2,0.00875,4.155,0.889,Ram,4.998,-1.22373
1,73,5329,62.1,17.4,0.01087,7.597,2.6719999999999997,Ram,5.1971099999999995,-1.04688
0,81,6561,100.2,22.2,0.00902,1.545,0.285,Ram,9.32952,-0.54042
0,79,6241,81.4,20.1,0.00659,5.142,1.489,Ram,4.68722,-0.9827899999999999
0,97,9409,114.7,20.9,0.00583,1.614,0.257,Ram,5.64004,0.64705
0,84,7056,83.9,19.9,0.00813,1.6159999999999999,0.391,Ram,7.71298,0.23554
0,71,5041,86.5,19.5,0.0057799999999999995,1.463,0.307,Ram,4.33244,0.32905
1,91,8281,112.2,21.7,0.005520000000000001,1.834,0.311,Ram,0.53852,0.38051
1,110,12100,140.7,23.9,0.0060799999999999995,11.722000000000001,1.807,Ram,1.6552900000000002,1.1341700000000001
0,119,14161,169.0,26.4,0.0069900000000000006,21.26,2.659,Ram,1.6401,0.6557
0,167,27889,162.7,29.2,0.00722,6.809,0.8109999999999999,Ram,3.8,0.0
0,131,17161,168.6,31.2,0.00907,2.883,0.3,Ram,4.6043,1.52735
0,93,8649,134.1,25.2,0.00863,2.182,0.23,Ram,1.1662,0.54042
0,115,13225,119.2,25.3,0.00869,18.084,2.969,Ram,3.8588,0.54486
1,128,16384,122.4,28.3,0.00878,6.638,1.015,Ram,4.6011,0.02174
0,63,3969,89.1,22.2,0.01315,21.335,2.977,Ram,1.5,0.9273
0,83,6889,93.3,21.0,0.01155,5.685,0.9640000000000001,Ram,1.8868,-0.5586
0,123,15129,136.7,22.2,0.01254,10.535,1.32,Ram,0.6325,1.24905
0,114,12996,115.8,26.5,0.0084,1.814,0.26899999999999996,Ram,2.5495,-1.12469
0,83,6889,92.9,25.5,0.0109,1.3880000000000001,0.17,Ram,3.9408,-0.6232
1,68,4624,79.3,18.0,0.0101,4.062,0.8059999999999999,Ram,4.6065,0.47336000000000006
1,66,4356,96.8,21.4,0.01014,3.339,0.502,Ram,6.2936,-1.2641200000000001
0,78,6084,72.5,20.5,0.012629999999999999,14.675999999999998,3.825,Ram,6.3953,1.10016
0,96,9216,86.2,23.1,0.00861,11.377,2.469,Ram,2.8160000000000003,-1.28274
0,109,11881,116.0,25.1,0.006490000000000001,1.8,0.254,Ram,4.6615,-0.39644
0,55,3025,82.5,25.1,0.0092,1.9340000000000002,0.381,Ram,4.8260000000000005,0.10379000000000001
0,56,3136,60.9,14.6,0.00777,8.655,2.8760000000000003,Ram,5.3712,1.14879
1,74,5476,59.0,13.6,0.00665,2.7710000000000004,0.89,Ram,6.2201,1.49033
0,123,15129,91.3,17.7,0.00583,8.499,1.7730000000000001,Ram,2.4515,1.3654
0,96,9216,91.2,20.5,0.0051,44.396,9.429,Ram,2.5495,0.8409
0,118,13924,117.1,20.9,0.00441,13.232999999999999,1.91,Ram,2.4042,-0.29544000000000004
0,146,21316,132.9,23.1,0.0059299999999999995,4.0569999999999995,0.434,Ram,5.14,0.9234
1,68,4624,70.4,17.5,0.0077599999999999995,3.339,0.863,Ram,4.111000000000001,0.32175
0,70,4900,80.6,16.8,0.0082,5.832000000000001,1.3259999999999998,Ram,3.8079,1.33219
0,61,3721,80.5,20.9,0.00545,2.931,0.469,Ram,4.9649,0.32811999999999997
0,67,4489,46.4,15.4,0.0070599999999999994,3.905,1.145,Ram,4.272,0.35877
0,78,6084,53.9,16.0,0.00685,6.591,1.944,Ram,5.1,-0.48996000000000006
1,87,7569,110.9,17.3,0.00943,1.791,0.494,Pla,12.7914,-0.6857300000000001
1,108,11664,127.3,15.3,0.00867,6.115,1.845,Pla,11.2379,-0.20611999999999997
0,91,8281,119.2,12.8,0.0097,1.42,0.431,Pla,12.9066,-0.17915999999999999
0,98,9604,114.5,14.3,0.00895,2.9760000000000004,0.912,Pla,13.507,-0.47689
0,114,12996,133.3,18.7,0.009059999999999999,3.48,0.927,Pla,11.8596,-0.42593000000000003
0,133,17689,147.1,18.9,0.01171,8.173,1.896,Pla,7.7621,-0.2606
0,158,24964,186.3,20.4,0.010329999999999999,3.747,0.597,Pla,4.669,0.7551
1,121,14641,157.7,19.5,0.00965,0.617,0.11599999999999999,Pla,4.6098,-1.50567
1,103,10609,131.4,18.4,0.011559999999999999,0.7979999999999999,0.188,Pla,4.5618,0.45383999999999997
0,126,15876,131.7,18.7,0.01063,0.31,0.047,Pla,5.0774,1.01011
0,118,13924,125.2,17.7,0.01349,0.902,0.171,Pla,11.2004,-0.6524300000000001
0,103,10609,129.7,13.9,0.01379,0.408,0.083,Pla,4.4418,1.02652
0,78,6084,133.7,10.4,0.01273,2.016,0.504,Pla,8.0505,-0.11202999999999999
0,104,10816,104.8,13.2,0.00922,2.246,0.72,Pla,9.6747,0.12435
1,105,11025,123.6,11.6,0.01462,1.395,0.32299999999999995,Pla,3.8013,1.10715
0,80,6400,100.4,19.8,0.00958,1.589,0.45899999999999996,Pla,11.9854,-0.70863
0,125,15625,127.4,18.7,0.01505,0.867,0.18899999999999997,Pla,4.1231,0.6823199999999999
0,161,25921,114.1,21.9,0.01365,1.197,0.299,Pla,6.7119,0.059629999999999996
0,130,16900,121.3,21.3,0.01277,0.626,0.138,Pla,4.0311,0.80294
1,119,14161,117.5,21.1,0.011090000000000001,0.6809999999999999,0.15,Pla,4.5277,0.53284
1,129,16641,131.3,22.1,0.009590000000000001,0.838,0.192,Pla,4.0162,0.32961999999999997
0,168,28224,147.1,22.6,0.01256,0.35600000000000004,0.062,Pla,2.0,0.9273
0,237,56169,140.0,24.0,0.01047,1.0290000000000001,0.203,Pla,3.8471,0.4869
0,146,21316,160.2,24.5,0.01228,0.691,0.11699999999999999,Pla,3.5114,1.22203
0,150,22500,154.8,23.8,0.00937,0.65,0.121,Pla,3.3615,0.39708000000000004
0,119,14161,132.4,23.4,0.00742,0.855,0.187,Pla,4.6325,0.57004
1,227,51529,148.7,26.3,0.0151,1.085,0.182,Pla,6.0745,0.35299
1,172,29584,143.8,25.1,0.01611,0.551,0.092,Pla,3.9825,1.07345
0,219,47961,243.0,25.7,0.0126,6.2010000000000005,0.7190000000000001,Pla,6.8066,0.17723
0,142,20164,152.1,25.8,0.00899,2.342,0.397,Pla,12.3847,-0.67096
0,157,24649,236.9,24.0,0.0149,2.543,0.27699999999999997,Pla,5.2479,1.0303799999999999
0,136,18496,127.5,21.2,0.013669999999999998,0.451,0.057999999999999996,Pla,5.1225,0.8960600000000001
0,113,12769,117.4,21.0,0.009000000000000001,0.6970000000000001,0.158,Pla,18.4114,-0.83919
1,151,22801,134.9,22.2,0.00747,5.0360000000000005,1.12,Pla,8.3355,-0.5280699999999999
1,147,21609,151.0,19.5,0.01163,2.727,0.589,Pla,5.9942,0.48603
0,128,16384,129.3,18.9,0.013319999999999999,0.655,0.133,Pla,4.3105,1.50114
0,111,12321,165.0,21.8,0.01273,6.699,1.376,Pla,8.2079,-0.38729
0,111,12321,127.6,17.3,0.01857,0.523,0.098,Pla,6.8264,0.5554899999999999
0,100,10000,106.0,20.8,0.00731,1.1740000000000002,0.29600000000000004,Pla,15.2201,-0.6408699999999999
0,133,17689,108.9,19.6,0.01015,1.5859999999999999,0.402,Pla,5.8052,0.83414
1,99,9801,108.6,19.8,0.01269,4.202,1.133,Pla,9.9464,-0.22303
1,132,17424,165.7,21.6,0.01227,1.808,0.317,Pla,4.9244,1.0617299999999998
0,128,16384,129.8,22.6,0.01113,1.449,0.292,Pla,6.5,-1.17601
0,142,20164,117.7,22.1,0.01245,0.627,0.149,Pla,5.3009,-1.55193
0,127,16129,192.9,21.7,0.01641,5.103,0.767,Pla,7.3553,-0.12267
0,127,16129,141.6,24.4,0.01125,5.597,1.148,Pla,8.86,-0.28605
0,169,28561,157.8,25.3,0.01137,5.442,1.003,Pla,9.3536,-0.10712
1,102,10404,92.3,20.9,0.01127,1.247,0.35700000000000004,Pla,11.4739,-0.52996
0,124,15376,197.7,16.3,0.01798,3.3489999999999998,0.467,Pla,7.5584,-0.45181000000000004
0,106,11236,153.6,20.6,0.015080000000000001,1.04,0.188,Pla,14.1485,-0.81539
0,134,17956,128.7,24.3,0.01084,1.415,0.276,Pla,14.4402,-0.6379600000000001
0,151,22801,166.0,22.3,0.011640000000000001,2.072,0.40299999999999997,Pla,7.7885,0.27301
1,158,24964,143.6,23.4,0.01166,0.732,0.114,Pla,6.8659,0.22025
1,126,15876,168.9,22.8,0.01526,0.754,0.102,Pla,3.4986,1.0303799999999999
0,130,16900,200.6,27.2,0.009309999999999999,7.455,1.0,Pla,7.8549,-0.54915
0,170,28900,209.0,24.1,0.01575,5.132999999999999,0.6890000000000001,Pla,5.2773,0.17138
0,83,6889,84.8,23.1,0.0119,0.439,0.11800000000000001,Pla,19.891,-0.83163
0,112,12544,118.5,21.8,0.010159999999999999,0.7559999999999999,0.161,Pla,16.9729,-0.76873
0,140,19600,159.4,20.7,0.01715,0.98,0.163,Pla,4.9406,0.9434899999999999
1,121,14641,100.4,21.6,0.014740000000000001,0.446,0.11,Pla,5.7567,1.27102
1,125,15625,145.3,21.6,0.01571,1.2670000000000001,0.228,Pla,4.3139,0.7690100000000001
0,182,33124,190.4,19.6,0.02153,1.58,0.177,Pla,5.0567,0.42826000000000003
0,112,12544,150.3,20.9,0.01644,4.819,0.9179999999999999,Pla,7.5664,-0.13255
0,153,23409,119.7,24.1,0.010740000000000001,1.375,0.293,Pla,6.0374,0.46365
1,150,22500,109.1,25.4,0.013580000000000002,0.258,0.08,Pla,5.3852,1.02401
1,174,30276,127.8,25.8,0.013999999999999999,1.178,0.22899999999999998,Pla,5.5154,0.39061
0,172,29584,126.5,27.6,0.01133,0.955,0.185,Pla,5.5543,0.40726
0,166,27556,157.2,27.5,0.01431,0.745,0.11199999999999999,Pla,4.9244,1.0617299999999998
0,183,33489,141.5,27.8,0.011359999999999999,1.182,0.20600000000000002,Pla,7.3335,0.0956
0,157,24649,146.6,27.5,0.01796,1.5619999999999998,0.262,Pla,4.8877,0.53691
0,198,39204,137.5,27.0,0.01589,0.667,0.11800000000000001,Pla,4.7802,0.9189299999999999
1,184,33856,121.4,27.3,0.01609,0.941,0.18600000000000003,Pla,5.4424,0.35662
1,162,26244,122.4,26.9,0.01288,0.467,0.08800000000000001,Pla,6.8622,0.32636
0,164,26896,168.4,27.6,0.01679,0.922,0.132,Pla,7.5505,0.19999
0,162,26244,174.3,28.7,0.01697,1.147,0.159,Pla,5.9169,0.53172
0,175,30625,161.0,27.6,0.01875,0.858,0.126,Pla,6.9079999999999995,0.38588
0,228,51984,166.0,27.3,0.01824,0.85,0.146,Pla,6.7067,0.04475
1,202,40804,181.2,27.0,0.01685,2.572,0.35700000000000004,Pla,6.2817,0.24111999999999997
1,146,21316,135.1,24.8,0.015069999999999998,0.47600000000000003,0.084,Pla,6.1008,1.5544
1,95,9025,129.0,23.4,0.02076,0.319,0.052000000000000005,Pla,5.9008,1.55385
0,115,13225,112.5,24.1,0.014430000000000002,1.8969999999999998,0.408,Pla,5.9808,0.35877
0,141,19881,144.7,26.4,0.01739,3.525,0.611,Pla,10.1833,-0.12800999999999998
1,166,27556,173.5,18.2,0.00655,0.32799999999999996,0.001,Pla,5.7706,-1.0839
0,128,16384,165.0,18.8,0.00526,1.58,0.242,Pla,7.4095,-1.01649
0,103,10609,123.5,17.1,0.004,3.0810000000000004,0.6970000000000001,Pla,12.2037,-0.58118
1,106,11236,151.3,14.7,0.00542,0.9390000000000001,0.17800000000000002,Pla,15.5878,-0.72185
0,114,12996,144.5,15.9,0.0036899999999999997,7.099,1.4980000000000002,Pla,10.3788,-0.43778999999999996
0,113,12769,166.0,14.4,0.0069,21.348000000000003,3.7960000000000003,Pla,1.9647,0.25732
0,114,12996,169.9,18.2,0.004229999999999999,6.401,1.093,Pla,5.5009,-0.01818
0,128,16384,162.4,16.3,0.00602,1.465,0.247,Pla,11.8309,-0.39934000000000003
1,103,10609,158.4,13.8,0.01039,4.17,0.7959999999999999,Pla,7.7698,-0.55587
1,119,14161,139.4,15.0,0.00607,2.189,0.48700000000000004,Pla,7.642,0.10488
0,108,11664,131.8,11.5,0.00856,0.9590000000000001,0.19899999999999998,Pla,3.8079,0.5224
0,101,10201,143.8,12.4,0.00886,1.0070000000000001,0.18899999999999997,Pla,7.1694,-0.5260699999999999
0,96,9216,131.9,11.8,0.0058200000000000005,1.105,0.25,Pla,17.6867,-0.75341
0,134,17956,178.4,18.5,0.00496,6.697,1.163,Pla,7.4108,-0.054000000000000006
0,142,20164,160.6,17.1,0.0062,0.608,0.10099999999999999,Pla,5.9464,0.73782
1,125,15625,148.5,17.2,0.00527,0.4,0.065,Pla,6.1074,1.52166
1,125,15625,164.4,17.0,0.0059700000000000005,1.821,0.326,Pla,7.7006,-0.65649
0,103,10609,128.5,16.4,0.00548,0.9470000000000001,0.204,Pla,16.8241,-0.69702
0,132,17424,172.6,20.1,0.00784,6.421,1.162,Pla,7.3498,-0.26148000000000005
0,140,19600,197.8,20.8,0.0107,1.733,0.24,Pla,4.9769,-1.1791
0,148,21904,196.0,21.6,0.01077,1.912,0.249,Pla,3.8013,1.54449
0,174,30276,175.6,21.7,0.00927,1.268,0.188,Pla,4.9031,-1.3654
1,183,33489,186.2,20.8,0.00915,1.5319999999999998,0.228,Pla,5.0695,0.25933
1,134,17956,177.8,21.9,0.01017,1.1520000000000001,0.17600000000000002,Pla,4.0361,0.83798
0,109,11881,157.3,23.9,0.01549,1.672,0.228,Pla,12.4403,-0.63707
0,135,18225,178.0,21.2,0.01085,2.109,0.33299999999999996,Pla,5.3226,-1.12395
0,150,22500,200.1,18.9,0.01176,0.9990000000000001,0.11900000000000001,Pla,2.4,0.0
0,152,23104,184.6,18.2,0.012709999999999999,0.784,0.098,Pla,2.9833,0.88035
0,146,21316,211.4,21.8,0.010759999999999999,1.574,0.18899999999999997,Pla,3.8601,-0.63832
1,125,15625,183.7,22.4,0.00451,3.4019999999999997,0.542,Pla,10.7005,-0.65285
1,106,11236,127.0,21.7,0.0038399999999999997,1.2329999999999999,0.27,Pla,14.7922,-0.74236
0,73,5329,126.1,21.5,0.00563,0.868,0.19,Pla,16.4268,-0.8370799999999999
0,112,12544,134.8,14.6,0.0069700000000000005,1.123,0.261,Pla,5.5866,0.77274
0,141,19881,198.4,15.8,0.006670000000000001,2.633,0.408,Pla,7.0178,0.57219
0,130,16900,143.2,14.5,0.00615,1.114,0.243,Pla,6.6483,0.36933
1,101,10201,158.8,15.2,0.00808,0.716,0.13699999999999998,Pla,6.5765,0.79615
1,110,12100,159.2,16.2,0.0069299999999999995,0.35700000000000004,0.062,Pla,6.8154,-1.3187
0,117,13689,160.3,18.6,0.00866,1.5319999999999998,0.257,Pla,8.3487,-0.8192799999999999
0,123,15129,202.0,21.7,0.007790000000000001,3.989,0.557,Pla,8.5913,-0.6947399999999999
0,142,20164,179.4,22.8,0.00847,2.5180000000000002,0.384,Pla,7.0456,0.60375
0,164,26896,252.1,23.0,0.0098,2.234,0.231,Pla,4.9649,0.48166000000000003
1,155,24025,195.9,23.6,0.0098,1.723,0.22699999999999998,Pla,4.5222,0.31476
0,129,16641,197.4,24.0,0.01267,0.54,0.063,Pla,1.0817,-0.9827899999999999
0,125,15625,195.7,24.1,0.01168,1.213,0.161,Pla,3.4409,0.95055
0,133,17689,197.4,23.2,0.0139,1.179,0.133,Pla,2.4042,-1.27536
0,116,13456,180.8,23.3,0.01097,1.227,0.184,Pla,3.6797,0.7469600000000001
0,105,11025,167.7,22.8,0.01103,0.414,0.059000000000000004,Pla,5.728,1.2877
1,112,12544,164.1,23.3,0.009470000000000001,0.419,0.064,Pla,5.1865,0.97745
1,104,10816,172.8,25.0,0.008759999999999999,0.628,0.08900000000000001,Pla,4.7707,0.9944200000000001
0,114,12996,146.7,25.9,0.00813,0.672,0.133,Pla,5.794,0.37089
0,165,27225,145.4,26.0,0.00867,0.561,0.096,Pla,6.0959,0.7157399999999999
0,76,5776,156.5,22.6,0.01206,1.4580000000000002,0.248,Pla,5.3852,0.54679
0,125,15625,117.3,21.6,0.00953,1.4680000000000002,0.322,Pla,11.8714,-0.10973
0,95,9025,98.2,21.1,0.00506,0.7090000000000001,0.187,Pla,19.3349,-0.8879799999999999
1,137,18769,126.6,22.8,0.006229999999999999,0.992,0.198,Pla,5.5902,0.74744
1,105,11025,191.3,23.7,0.010759999999999999,2.188,0.287,Pla,3.9962,1.0175
0,78,6084,150.9,20.1,0.012620000000000001,1.139,0.177,Pla,4.3417,0.5048600000000001
0,66,4356,116.2,20.9,0.00968,1.526,0.32899999999999996,Pla,12.054,-0.24297
0,92,8464,153.1,21.4,0.00648,3.069,0.563,Pla,12.1314,-0.5079
1,114,12996,166.7,19.6,0.00675,2.444,0.40399999999999997,Pla,12.0304,-0.45621000000000006
1,65,4225,170.5,20.6,0.00826,1.5730000000000002,0.22899999999999998,Pla,4.9769,-0.3917
0,141,19881,193.8,23.6,0.008020000000000001,1.913,0.259,Pla,3.9205,0.65881
0,169,28561,205.4,22.4,0.00774,2.084,0.271,Pla,6.9721,0.14393
0,143,20449,189.7,21.0,0.013340000000000001,0.634,0.078,Pla,3.1401,0.64987
1,132,17424,182.9,21.9,0.00916,0.9129999999999999,0.127,Pla,5.5973,0.72219
0,144,20736,171.6,22.4,0.00886,0.43,0.064,Pla,5.728,0.77305
1,125,15625,180.2,24.4,0.009909999999999999,0.536,0.07200000000000001,Pla,5.6859,0.97304
1,142,20164,284.7,28.5,0.0072900000000000005,2.282,0.19399999999999998,Pla,4.14,0.6483300000000001
0,104,10816,206.4,20.6,0.01183,1.639,0.212,Pla,3.1953,0.35144000000000003
0,84,7056,127.1,22.2,0.0085,2.057,0.401,Pla,14.0417,-0.65917
0,118,13924,118.2,25.8,0.0038299999999999996,1.7719999999999998,0.36700000000000005,Pla,16.2373,-0.7113
0,84,7056,108.8,26.4,0.00615,0.778,0.174,Pla,17.0294,-0.86854
0,129,16641,132.1,25.5,0.00352,1.425,0.276,Pla,14.9241,-0.76171
1,113,12769,208.9,22.2,0.00731,5.803999999999999,0.812,Pla,9.0139,-0.0555
1,79,6241,168.8,22.4,0.00954,0.42700000000000005,0.055999999999999994,Pla,5.3254,0.9723799999999999
0,102,10404,161.3,22.7,0.01198,0.625,0.10099999999999999,Pla,5.3235,1.47674
0,104,10816,163.3,24.1,0.00927,0.28,0.084,Pla,4.3012,0.95055
0,117,13689,162.9,25.0,0.00982,0.894,0.133,Pla,6.1847,-1.1722700000000001
0,117,13689,165.3,25.7,0.00985,1.235,0.18,Pla,7.0328,-1.04989
0,110,12100,179.1,25.3,0.01206,2.3,0.32,Pla,7.1694,-1.04473
1,114,12996,160.5,24.9,0.0077,3.407,0.542,Pla,10.4652,-0.4551
1,111,12321,137.1,22.2,0.00473,3.801,0.743,Pla,11.8119,-0.49394
0,103,10609,180.7,24.6,0.00605,4.663,0.6729999999999999,Pla,7.3348,0.19205
0,107,11449,173.8,20.2,0.01053,1.557,0.195,Pla,5.0448,0.24017
0,105,11025,142.3,22.7,0.00795,1.04,0.18,Pla,17.3234,-0.8753200000000001
0,106,11236,138.4,22.8,0.00491,1.048,0.19,Pla,17.6011,-0.93866
0,128,16384,122.7,25.8,0.00465,3.3369999999999997,0.667,Pla,7.8,-0.39479000000000003
1,93,8649,120.0,25.9,0.0050799999999999994,0.691,0.145,Pla,16.7108,-0.89138
1,77,5929,91.3,22.6,0.00646,0.627,0.163,Pla,19.1024,-0.91159
0,104,10816,146.0,19.1,0.011009999999999999,1.1520000000000001,0.207,Pla,6.456,1.28824
0,112,12544,130.5,19.8,0.00735,0.598,0.11699999999999999,Pla,6.5924,1.40315
0,121,14641,200.2,18.3,0.01275,1.159,0.154,Pla,4.1183,-0.5071
0,105,11025,123.0,24.7,0.00461,0.9279999999999999,0.187,Pla,13.1522,-0.7854
1,96,9216,106.2,23.9,0.00573,1.745,0.395,Pla,12.567,-0.47076
1,94,8836,107.1,22.8,0.00705,1.837,0.414,Pla,11.5447,-0.24498000000000003
0,98,9604,139.9,21.6,0.00551,0.754,0.131,Pla,5.7079,-1.51821
0,111,12321,152.3,21.9,0.01036,4.564,0.7440000000000001,Pla,7.506,-0.03998
1,73,5329,123.5,18.6,0.00624,4.207,0.937,Pla,8.0,0.0
1,78,6084,159.1,16.1,0.0084,2.9130000000000003,0.442,Pla,6.382000000000001,-0.61843
0,83,6889,145.3,19.5,0.00881,0.9109999999999999,0.151,Pla,17.3658,-0.85467
0,73,5329,119.2,21.8,0.00455,0.6629999999999999,0.139,Pla,16.1276,-0.7590899999999999
0,115,13225,174.6,20.3,0.00928,3.168,0.441,Pla,5.5362,0.35031
0,100,10000,119.8,19.4,0.0067599999999999995,0.657,0.13,Pla,6.5,0.39479000000000003
0,89,7921,149.4,22.6,0.00801,5.316,0.8009999999999999,Pla,7.931,-0.40158
1,70,4900,148.0,18.8,0.00914,4.143,0.529,Pla,3.0017,0.033319999999999995
1,104,10816,123.0,18.1,0.013580000000000002,0.71,0.131,Pla,2.4739,-0.24498000000000003
0,122,14884,208.4,21.2,0.01111,3.13,0.344,Pla,3.0265,0.13255
0,119,14161,208.3,22.6,0.01095,2.673,0.284,Pla,3.4785,1.24905
0,110,12100,159.9,22.9,0.00687,1.9780000000000002,0.298,Pla,4.5277,0.53284
0,94,8836,131.2,20.8,0.009890000000000001,0.5579999999999999,0.09300000000000001,Pla,5.3759,0.7590899999999999
0,104,10816,195.2,23.7,0.00965,1.6,0.184,Pla,3.759,0.49935
1,100,10000,175.6,23.7,0.00949,1.4469999999999998,0.18,Pla,4.9031,0.2054
1,90,8100,140.5,22.3,0.00821,0.415,0.062,Pla,4.982,0.8991899999999999
0,89,7921,162.6,19.2,0.00955,1.6740000000000002,0.203,Pla,16.6652,-0.32365
0,77,5929,103.7,17.1,0.0126,0.73,0.153,Pla,16.676,-0.28570999999999996
0,68,4624,106.7,16.6,0.01243,0.915,0.165,Pla,17.2308,-0.42471000000000003
0,65,4225,123.0,16.3,0.011609999999999999,0.7559999999999999,0.16,Pla,3.7947,0.32175
1,77,5929,130.3,17.3,0.013059999999999999,0.8140000000000001,0.124,Pla,5.7706,-1.41419
0,74,5476,124.1,17.8,0.00763,6.437,1.321,Pla,7.1063,-0.6857300000000001
0,80,6400,134.5,16.3,0.01075,1.4769999999999999,0.239,Pla,3.6056,1.2315
0,93,8649,177.3,20.4,0.00928,5.375,0.684,Pla,5.9908,-0.5833699999999999
0,116,13456,233.6,22.1,0.01048,4.843,0.431,Pla,4.8052,-0.20964000000000002
0,60,3600,162.5,15.8,0.007890000000000001,3.1660000000000004,0.41100000000000003,Pla,2.7203,-0.6288
0,74,5476,198.4,16.2,0.00811,8.349,0.9420000000000001,Pla,4.0311,0.12435
0,121,14641,191.7,16.4,0.00722,2.101,0.19899999999999998,Pla,3.8,0.0
1,93,8649,221.2,16.7,0.00919,2.29,0.20199999999999999,Pla,2.3022,0.04345
